lemma,poscode,surface
11.11.11,3,11.11.11
11.11.11.,3,11.11.11.
1860 München,3,1860 München
3Es / Lieshout,3,3Es / Lieshout
3M,3,3M
3VO,3,3VO
4FM,3,4FM
90e Pantserdivisie,3,90e Pantserdivisie
AAC,3,AAC
AAC 1899,3,AAC 1899
AAC Cosmos,3,AAC Cosmos
AA Drinks,3,AA Drinks
AA Gent,3,AA Gent
Aalberts,3,Aalberts
Aarhus,3,Aarhus
ABB,3,ABB
Abba,3,Abba
ABC,3,ABC
ABC Containerline,3,ABC Containerline
Aberdeen,3,Aberdeen
ABN Amro,3,ABN Amro
ABN-Amro,3,ABN-Amro
ABO,3,ABO
Abvakabo,3,Abvakabo
AbvaKabo,3,AbvaKabo
AbvaKabo FNV,3,AbvaKabo FNV
ABVV,3,ABVV
ABX,3,ABX
Academica,3,Academica
Academie,3,Academie
ACC,3,ACC
Accell Group,3,Accell Group
Acco,3,Acco
AC / DC,3,AC / DC
Achilles 1894,3,Achilles 1894
Achilles'29,3,Achilles'29
Achmea,3,Achmea
Ackermans & van Haaren,3,Ackermans & van Haaren
AC Milan,3,AC Milan
ACMP,3,ACMP
ACOD,3,ACOD
Acom,3,Acom
ACOM,3,ACOM
AC Parma,3,AC Parma
Acqua & Sapone,3,Acqua & Sapone
AC Torino,3,AC Torino
ACV,3,ACV
ACV Energie,3,ACV Energie
ACW,3,ACW
AD,3,AD
A'dam Tigers,3,A'dam Tigers
Adanaspor,3,Adanaspor
Adecco,3,Adecco
Aden-Abyan,3,Aden-Abyan
Aditel,3,Aditel
Admiraliteit,3,Admiraliteit
ADO,3,ADO
ADO'20,3,ADO'20
ADO Den Haag,3,ADO Den Haag
ADO Den Hg,3,ADO Den Hg
Aegon,3,Aegon
AEK Athene,3,AEK Athene
AEL,3,AEL
Aeroflot,3,Aeroflot
AFC,3,AFC
AFMP,3,AFMP
AFP,3,AFP
Afrikaanse Unie,3,Afrikaanse Unie
Afrika-instituut,3,Afrika-instituut
AFSSA,3,AFSSA
Aftonbladet,3,Aftonbladet
AG2R,3,AG2R
AG2R Prévoyance,3,AG2R Prévoyance
Agalev,3,Agalev
Agalev Borsbeek Sociaal,3,Agalev Borsbeek Sociaal
Agfa,3,Agfa
Agfa Gevaert,3,Agfa Gevaert
Agfa-Gevaert,3,Agfa-Gevaert
AGOVV,3,AGOVV
Agusta,3,Agusta
AH,3,AH
AHA,3,AHA
AHC Kolping,3,AHC Kolping
AHC / Kolping,3,AHC / Kolping
AH Mobiel,3,AH Mobiel
Ahold,3,Ahold
AID,3,AID
AIK Solna,3,AIK Solna
Aino,3,Aino
Airbus,3,Airbus
Airdrie United,3,Airdrie United
Air France,3,Air France
Air Holland,3,Air Holland
Air Katanga,3,Air Katanga
AirLib,3,AirLib
Air Lib,3,Air Lib
Air Malta,3,Air Malta
Air New Zealand,3,Air New Zealand
Air Scotland,3,Air Scotland
Airspray,3,Airspray
Airstop,3,Airstop
AIT / FIA,3,AIT / FIA
AIVD,3,AIVD
Ajaccio,3,Ajaccio
AJ Auxerre,3,AJ Auxerre
Ajax,3,Ajax
AJW,3,AJW
A.J. Walter Aviation,3,A.J. Walter Aviation
AJ Walter Aviation,3,AJ Walter Aviation
AKN,3,AKN
AKP,3,AKP
AK-partij,3,AK-partij
Akratitos,3,Akratitos
Akzo,3,Akzo
Akzo Nobel,3,Akzo Nobel
AKZO Nobel,3,AKZO Nobel
Ala dos Namorados,3,Ala dos Namorados
al-Alami,3,al-Alami
Al-Alami,3,Al-Alami
Alanheri,3,Alanheri
Alan Parsons Project,3,Alan Parsons Project
al-Aqsa,3,al-Aqsa
Al-Aqsa,3,Al-Aqsa
al-Aqsa Brigade,3,al-Aqsa Brigade
al-Aqsa Brigades,3,al-Aqsa Brigades
al-Aqsa Martelaren Brigades,3,al-Aqsa Martelaren Brigades
Albert Heijn,3,Albert Heijn
Albron,3,Albron
Alcatel,3,Alcatel
Alcoa,3,Alcoa
Alcom / Capelle,3,Alcom / Capelle
Aldel,3,Aldel
Aldi,3,Aldi
al Fatah,3,al Fatah
Algemeen Dagblad,3,Algemeen Dagblad
ALGEMEEN DAGBLAD,3,ALGEMEEN DAGBLAD
Algemeen Nederlands Verbond,3,Algemeen Nederlands Verbond
Algemene Assemblee,3,Algemene Assemblee
Algemene Inlichtingen- en Veiligheidsdienst,3,Algemene Inlichtingen- en Veiligheidsdienst
Algemene Inspectie Dienst,3,Algemene Inspectie Dienst
Algemene Onderwijsbond,3,Algemene Onderwijsbond
Algemene Rekenkamer,3,Algemene Rekenkamer
Algemene Zaken,3,Algemene Zaken
Alice in Chains,3,Alice in Chains
Alitalia,3,Alitalia
Al-Ittifaq,3,Al-Ittifaq
Al Ittihad,3,Al Ittihad
al Jazeera,3,al Jazeera
al-Jazeera,3,al-Jazeera
Al-Jazeera,3,Al-Jazeera
All England Club,3,All England Club
Allianz,3,Allianz
Allianz AG,3,Allianz AG
Almanij,3,Almanij
Almere Vandaag,3,Almere Vandaag
al-Qaeda,3,al-Qaeda
Al Qaeda,3,Al Qaeda
Al-Qaeda,3,Al-Qaeda
al-Qaida,3,al-Qaida
al'Qaida,3,al'Qaida
Al-Qassam-brigades,3,Al-Qassam-brigades
al-Queda,3,al-Queda
Altay Izmir,3,Altay Izmir
Amazing Stroopwafels,3,Amazing Stroopwafels
Amazon.com,3,Amazon.com
American Film Institute,3,American Film Institute
American Society Conservation International,3,American Society Conservation International
America Online,3,America Online
Amerikaanse Hartvereniging,3,Amerikaanse Hartvereniging
Amerikaanse Patentenbureau,3,Amerikaanse Patentenbureau
AMEV,3,AMEV
Amica Wronki,3,Amica Wronki
Amnesty,3,Amnesty
Amnesty International,3,Amnesty International
Amstelland,3,Amstelland
Amsterdam Commodities,3,Amsterdam Commodities
Amsterdamse AC,3,Amsterdamse AC
Amsterdam Tigers,3,Amsterdam Tigers
AMVJ,3,AMVJ
Anaheim Angels,3,Anaheim Angels
ANC,3,ANC
Ancona,3,Ancona
AND IP,3,AND IP
Angels,3,Angels
Animals,3,Animals
Animo,3,Animo
Ankaragücü,3,Ankaragücü
Anne Frank Stichting,3,Anne Frank Stichting
ANP,3,ANP
Antalya Werder Bremen,3,Antalya Werder Bremen
Antonov,3,Antonov
Antwerp,3,Antwerp
ANVV,3,ANVV
ANWB,3,ANWB
AOb,3,AOb
AOL,3,AOL
Aol Time Warner,3,Aol Time Warner
AOT,3,AOT
AP,3,AP
APEC,3,APEC
Aphex Twin,3,Aphex Twin
Apoel Nicosia,3,Apoel Nicosia
Appelgroep Westerbork,3,Appelgroep Westerbork
Aquafin,3,Aquafin
Arabische Liga,3,Arabische Liga
Arabisch Europese Liga,3,Arabisch Europese Liga
Arabisch-Europese Liga,3,Arabisch-Europese Liga
Arbeiderspartij,3,Arbeiderspartij
Arbeidsinspectie,3,Arbeidsinspectie
Arbeidspartij,3,Arbeidspartij
Arbitragehof,3,Arbitragehof
Arboned Westa,3,Arboned Westa
Arcadis,3,Arcadis
Arcelor,3,Arcelor
Archigram-groep,3,Archigram-groep
ARD,3,ARD
Argon,3,Argon
Ariane,3,Ariane
Arianespace,3,Arianespace
Arid,3,Arid
Arke / Pollux,3,Arke / Pollux
Arminia Bielefeld,3,Arminia Bielefeld
Arrows,3,Arrows
Arsenal,3,Arsenal
Arte,3,Arte
Artsen zonder Grenzen,3,Artsen zonder Grenzen
Asda,3,Asda
Asean,3,Asean
ASEC Mimosas,3,ASEC Mimosas
Ashanti Exploration,3,Ashanti Exploration
ASKV Linz,3,ASKV Linz
ASM,3,ASM
ASMI,3,ASMI
ASM International,3,ASM International
ASML,3,ASML
ASM Lithography,3,ASM Lithography
AS Monaco,3,AS Monaco
ASR Bank,3,ASR Bank
AS Roma,3,AS Roma
ASRV Ascrum,3,ASRV Ascrum
Associated weavers,3,Associated weavers
Associated Weavers,3,Associated Weavers
Associatie van Zuidoost-Aziatische Naties,3,Associatie van Zuidoost-Aziatische Naties
Aston Villa,3,Aston Villa
Astrium,3,Astrium
Astronauts,3,Astronauts
ASV Dronten,3,ASV Dronten
ASWH,3,ASWH
AT5,3,AT5
Atalanta,3,Atalanta
Atalanta Bergamo,3,Atalanta Bergamo
Atheneum,3,Atheneum
Athletic Bilbao,3,Athletic Bilbao
Athletic de Bilbao,3,Athletic de Bilbao
Athlon,3,Athlon
Atlanta Braves,3,Atlanta Braves
Atlantida FM,3,Atlantida FM
Atlético,3,Atlético
Atletico Junior,3,Atletico Junior
Atletico Madrid,3,Atletico Madrid
Atletiek Vlaanderen,3,Atletiek Vlaanderen
Atomic Kitten,3,Atomic Kitten
Atoomagentschap,3,Atoomagentschap
Atoomenergie Agentschap,3,Atoomenergie Agentschap
ATP,3,ATP
AT&T,3,AT&T
Attac,3,Attac
ATV,3,ATV
Audi,3,Audi
Aum-sekte,3,Aum-sekte
Australian Brandenburg Orchestra,3,Australian Brandenburg Orchestra
Austria Wien,3,Austria Wien
Auto,3,Auto
Autonome Universiteit van Mexico-stad,3,Autonome Universiteit van Mexico-stad
Autoriteit Financiele Markten,3,Autoriteit Financiele Markten
Auxerre,3,Auxerre
Auximines,3,Auximines
AVBB,3,AVBB
AVD,3,AVD
AVEM,3,AVEM
Avero,3,Avero
Avia,3,Avia
AVRO,3,AVRO
AXA,3,AXA
Axa Stenman,3,Axa Stenman
AXA Stenman,3,AXA Stenman
Axel,3,Axel
Axias / Tachos,3,Axias / Tachos
AZ,3,AZ
Aziatisch Monetair Fonds,3,Aziatisch Monetair Fonds
AZ&PC,3,AZ&PC
Azzurri,3,Azzurri
Baan,3,Baan
BACC,3,BACC
Backstreet Boys,3,Backstreet Boys
BAe Systems,3,BAe Systems
Balkan,3,Balkan
Balkenende I,3,Balkenende I
Ballast Nedam,3,Ballast Nedam
Ballast Nedam Infra Noord Oost BV,3,Ballast Nedam Infra Noord Oost BV
BAM,3,BAM
Bam NBM,3,Bam NBM
BAM NBM,3,BAM NBM
Banesto,3,Banesto
Bank Austria,3,Bank Austria
Bank Degroof,3,Bank Degroof
Bankgiro,3,Bankgiro
Bankgiroloterij,3,Bankgiroloterij
BankgiroLoterij,3,BankgiroLoterij
Bankinvest IT Venture,3,Bankinvest IT Venture
Banksys,3,Banksys
Bank van de Post,3,Bank van de Post
BAR,3,BAR
Barca,3,Barca
Barça,3,Barça
Barcelona,3,Barcelona
Bari,3,Bari
Baronie,3,Baronie
Barragán Foundation,3,Barragán Foundation
BASE,3,BASE
Basisschool van het Gemeenschapsonderwijs,3,Basisschool van het Gemeenschapsonderwijs
Bassie & Adriaan,3,Bassie & Adriaan
Bastia,3,Bastia
Bataven,3,Bataven
Batenburg,3,Batenburg
Bauduin,3,Bauduin
Bauduin-Cambier,3,Bauduin-Cambier
Bayer Leverkusen,3,Bayer Leverkusen
Bayern,3,Bayern
Bayern München,3,Bayern München
BBC,3,BBC
BBC 1,3,BBC 1
BBC 2,3,BBC 2
BBL,3,BBL
BCA,3,BCA
BC Amersfoort,3,BC Amersfoort
BCC,3,BCC
BC Crash,3,BC Crash
BC De Lombard,3,BC De Lombard
BC Duinwijck,3,BC Duinwijck
BC Het Buitenhof,3,BC Het Buitenhof
BCN,3,BCN
BC Omniworld,3,BC Omniworld
BC Pegasus,3,BC Pegasus
BC Shooters,3,BC Shooters
BC Smashing,3,BC Smashing
BC Star,3,BC Star
BC 't Onstein,3,BC 't Onstein
BC Utrecht,3,BC Utrecht
BDBH,3,BDBH
Beach Boys,3,Beach Boys
Beatles,3,Beatles
Bechstein,3,Bechstein
Begemann,3,Begemann
Begemann Begaclaim,3,Begemann Begaclaim
Begroting,3,Begroting
Beijing Evening News,3,Beijing Evening News
Beijing Platform for Action,3,Beijing Platform for Action
Beira Mar,3,Beira Mar
Belangenvereniging Tankstations,3,Belangenvereniging Tankstations
Belenenses,3,Belenenses
Belga,3,Belga
Belgacom,3,Belgacom
Belgavox,3,Belgavox
Belgian Skyshops,3,Belgian Skyshops
Belgische Vereniging van Banken,3,Belgische Vereniging van Banken
Belgisch Olympisch Comité,3,Belgisch Olympisch Comité
Belgo-Katanga,3,Belgo-Katanga
Beltug,3,Beltug
Bende van Nijvel,3,Bende van Nijvel
Be-Ne-volence International,3,Be-Ne-volence International
Be-Ne-volence International Nederland,3,Be-Ne-volence International Nederland
Benfica,3,Benfica
Be Quick'28,3,Be Quick'28
Bergen,3,Bergen
Berliner Elektrizitätswerken,3,Berliner Elektrizitätswerken
Beroepsbond van de Belgische Filmpers,3,Beroepsbond van de Belgische Filmpers
BE Semiconductor,3,BE Semiconductor
BESI,3,BESI
Besiktas,3,Besiktas
Bestuurskunde,3,Bestuurskunde
BETA,3,BETA
Beter Bed,3,Beter Bed
Bettie Serveert,3,Bettie Serveert
Betty Goes Green,3,Betty Goes Green
Bever,3,Bever
Beveren,3,Beveren
Beweging,3,Beweging
BFC,3,BFC
BIAC,3,BIAC
Big Mat,3,Big Mat
Bild,3,Bild
Bild am Sonntag,3,Bild am Sonntag
Binnenlandse Aangelegenheden,3,Binnenlandse Aangelegenheden
Binnenlandse Zaken,3,Binnenlandse Zaken
Binnenlandse Zaken en Koninkrijkrelaties,3,Binnenlandse Zaken en Koninkrijkrelaties
Binnenlandse Zaken en Koninkrijksrelaties,3,Binnenlandse Zaken en Koninkrijksrelaties
Biohazard Solutions,3,Biohazard Solutions
Biologische Bakkers Brigade,3,Biologische Bakkers Brigade
Birmingham City,3,Birmingham City
BIS,3,BIS
BiZa,3,BiZa
BJP,3,BJP
BKVB,3,BKVB
Blackburn,3,Blackburn
Blackburn Rovers,3,Blackburn Rovers
Black Sabbath,3,Black Sabbath
Blauw Wit,3,Blauw Wit
Bloemendaal,3,Bloemendaal
Blof,3,Blof
Blok,3,Blok
Blondie,3,Blondie
Bloomberg,3,Bloomberg
Blue Fox,3,Blue Fox
Blur,3,Blur
Blydenstein-Willink,3,Blydenstein-Willink
BMC / SSS,3,BMC / SSS
BMG Ariola,3,BMG Ariola
BMW,3,BMW
BNN,3,BNN
BNP,3,BNP
BNP Paribas,3,BNP Paribas
Boavista,3,Boavista
BOB,3,BOB
Body Fit Amsterdam,3,Body Fit Amsterdam
Boedapest SE,3,Boedapest SE
Boeing,3,Boeing
Boelwerf,3,Boelwerf
Boerenbond,3,Boerenbond
BOIC,3,BOIC
BoinK,3,BoinK
Bölkow,3,Bölkow
Bologna,3,Bologna
Bolton Wanderers,3,Bolton Wanderers
Bombay Symphony Orchestra,3,Bombay Symphony Orchestra
Bondsdag,3,Bondsdag
Bondsraad,3,Bondsraad
Bonjour,3,Bonjour
Bonne Soirée,3,Bonne Soirée
Boo.com,3,Boo.com
Boretti / Amsterdam,3,Boretti / Amsterdam
Borussia Dortmund,3,Borussia Dortmund
Borussia Mvnchengladbach,3,Borussia Mvnchengladbach
Bosch,3,Bosch
Boskalis,3,Boskalis
Bouwcoach / Bevo,3,Bouwcoach / Bevo
Bouwfonds Wonen,3,Bouwfonds Wonen
BouwNed,3,BouwNed
Bouwnijverheid,3,Bouwnijverheid
Bouygues,3,Bouygues
Bouygues Telecom,3,Bouygues Telecom
Bovag,3,Bovag
BP Amoco,3,BP Amoco
Bral,3,Bral
Branchevereniging Consumentenvuurwerk Nederland,3,Branchevereniging Consumentenvuurwerk Nederland
Brandenburg,3,Brandenburg
Breda Basketball,3,Breda Basketball
Brederode-imperium,3,Brederode-imperium
Bremen,3,Bremen
Brent,3,Brent
Brepols,3,Brepols
Brill,3,Brill
Brink's,3,Brink's
Brink's Ziegler België,3,Brink's Ziegler België
British Aerospace,3,British Aerospace
British Airways,3,British Airways
British Medical Journal,3,British Medical Journal
British Telecom,3,British Telecom
Broederlijk Delen,3,Broederlijk Delen
Bröndby IF,3,Bröndby IF
BRT,3,BRT
BRT1,3,BRT1
BRTN,3,BRTN
Brunel,3,Brunel
Brunel International,3,Brunel International
Brussels Parlement,3,Brussels Parlement
BS Weert,3,BS Weert
BTR,3,BTR
Budejovice,3,Budejovice
Buderus,3,Buderus
Buhrmann,3,Buhrmann
Buitenlandse Handel,3,Buitenlandse Handel
Buitenlandse Zaken,3,Buitenlandse Zaken
Bulgaars-Orthodoxe Kerk,3,Bulgaars-Orthodoxe Kerk
BUMA,3,BUMA
Buma/Stemra,3,Buma/Stemra
Burgerbelangen Gemeente Emmen,3,Burgerbelangen Gemeente Emmen
Burger King,3,Burger King
Burgerzaken,3,Burgerzaken
Burgman Heybroek,3,Burgman Heybroek
Bursaspor,3,Bursaspor
Business Nieuws Radio,3,Business Nieuws Radio
BuZa,3,BuZa
BVD,3,BVD
BVE-raad,3,BVE-raad
BV Leiderdorp,3,BV Leiderdorp
BV Lely,3,BV Lely
BV Veendam,3,BV Veendam
B & W,3,B & W
B&W,3,B&W
BZC Brandenburg,3,BZC Brandenburg
BZK,3,BZK
CA,3,CA
C&A,3,C&A
CAB Madeira,3,CAB Madeira
Cadbury Schweppes,3,Cadbury Schweppes
Cagliari,3,Cagliari
Calamiteitenfonds Reizen,3,Calamiteitenfonds Reizen
Calcit Kamnik,3,Calcit Kamnik
Callahan,3,Callahan
Calvé-Delft,3,Calvé-Delft
Calvin Klein,3,Calvin Klein
Cambuur L.,3,Cambuur L.
Cambuur / Leeuwarden,3,Cambuur / Leeuwarden
Cambuur-Leeuwarden,3,Cambuur-Leeuwarden
Cambuur / L'w .,3,Cambuur / L'w .
Cambuur / L'ward .,3,Cambuur / L'ward .
Cambuur / L'warden,3,Cambuur / L'warden
Campbell Soup,3,Campbell Soup
Canal +,3,Canal +
Canal + Technologies,3,Canal + Technologies
Canas,3,Canas
Candover,3,Candover
Cantillon,3,Cantillon
Cantina Tolo,3,Cantina Tolo
Canvas,3,Canvas
CANVAS,3,CANVAS
Cap Gemini,3,Cap Gemini
Cap Gemini S.A.,3,Cap Gemini S.A.
Caprabo Lleida,3,Caprabo Lleida
Cardinals,3,Cardinals
Cardio Control,3,Cardio Control
Carling,3,Carling
Carlsberg,3,Carlsberg
Carlton,3,Carlton
Carlyle,3,Carlyle
Carp,3,Carp
CAS,3,CAS
Casablance Valley,3,Casablance Valley
Casema,3,Casema
CASPAR,3,CASPAR
Castle Hill,3,Castle Hill
Castricumse RC,3,Castricumse RC
Cavaliers,3,Cavaliers
CBC,3,CBC
CBR,3,CBR
CBS,3,CBS
CCOD,3,CCOD
CDA,3,CDA
CD Alaves,3,CD Alaves
CDH,3,CDH
CDP Capital Technologies,3,CDP Capital Technologies
CDU,3,CDU
CDU / CSU,3,CDU / CSU
CDV,3,CDV
CD & V,3,CD & V
CD&V,3,CD&V
CEB,3,CEB
CEB Noordkop,3,CEB Noordkop
CEB / Noordkop,3,CEB / Noordkop
Cedaf,3,Cedaf
Cegetel,3,Cegetel
Celera,3,Celera
Celera Genomics,3,Celera Genomics
Celera Genomics Group,3,Celera Genomics Group
Celta de Vigo,3,Celta de Vigo
Celtic,3,Celtic
Celtic Glasgow,3,Celtic Glasgow
Censydiam,3,Censydiam
Centraal Beheer,3,Centraal Beheer
Centraal Bureau Levensmiddelen,3,Centraal Bureau Levensmiddelen
Centraal Bureau voor de Statistiek,3,Centraal Bureau voor de Statistiek
Centraal Economische Commissie,3,Centraal Economische Commissie
Centraal Joods Overleg,3,Centraal Joods Overleg
Centraal Orgaan opvang Asielzoekers,3,Centraal Orgaan opvang Asielzoekers
Centraal Planbureau,3,Centraal Planbureau
Centrale Bank,3,Centrale Bank
Centrale Organisatie voor de Vleessector,3,Centrale Organisatie voor de Vleessector
Centric KSI,3,Centric KSI
Centrum voor Gelijke Kansen,3,Centrum voor Gelijke Kansen
Centrum voor gelijkheid van kansen en racismebestrijding,3,Centrum voor gelijkheid van kansen en racismebestrijding
Centrum voor Nederlandse Taal en Spraak,3,Centrum voor Nederlandse Taal en Spraak
CERN,3,CERN
Certipost,3,Certipost
Ceteco,3,Ceteco
CFDA,3,CFDA
CFR,3,CFR
CFU,3,CFU
CGIL,3,CGIL
Channel 2,3,Channel 2
Channel Four,3,Channel Four
Charleroi,3,Charleroi
Charlton Athletic,3,Charlton Athletic
Charta 77,3,Charta 77
Chaudfontaine,3,Chaudfontaine
Ché,3,Ché
Chebbab,3,Chebbab
Chelsea,3,Chelsea
Chianti Classico,3,Chianti Classico
Chicago Bulls,3,Chicago Bulls
Chievo,3,Chievo
Chievo Verona,3,Chievo Verona
Child Focus,3,Child Focus
Chinese patriottische kerk,3,Chinese patriottische kerk
Chiro,3,Chiro
CH Jaca,3,CH Jaca
Cholet,3,Cholet
CHP,3,CHP
Christelijke Onderwijscentrale,3,Christelijke Onderwijscentrale
ChristenUnie,3,ChristenUnie
Christie's,3,Christie's
CIA,3,CIA
Cinélibre,3,Cinélibre
Cisco,3,Cisco
Cisco Systems,3,Cisco Systems
CITES,3,CITES
Citigroup,3,Citigroup
CITO,3,CITO
Citroen,3,Citroen
City Bird,3,City Bird
CIVA,3,CIVA
Civiele Bescherming Brussel,3,Civiele Bescherming Brussel
CL,3,CL
Clare Valley,3,Clare Valley
Clickx,3,Clickx
Clickx Magazine,3,Clickx Magazine
Clonaid,3,Clonaid
Clouseau,3,Clouseau
CLT Ufa,3,CLT Ufa
Club 48,3,Club 48
Club am Alster,3,Club am Alster
Club Brugge,3,Club Brugge
CMG,3,CMG
CMO,3,CMO
CNN,3,CNN
CNTS,3,CNTS
CNV,3,CNV
CNV Publieke Zaak,3,CNV Publieke Zaak
COA,3,COA
COBO,3,COBO
COC,3,COC
Coca Cola,3,Coca Cola
Coca-Cola,3,Coca-Cola
Cockerill,3,Cockerill
Cockerill-Sambre,3,Cockerill-Sambre
Cofidis,3,Cofidis
Cofinimmo,3,Cofinimmo
Coflexip,3,Coflexip
Coker-bende,3,Coker-bende
Cokeries d'Anderlues,3,Cokeries d'Anderlues
College,3,College
College Tarieven Gezondheidszorg,3,College Tarieven Gezondheidszorg
College van Beroep,3,College van Beroep
College van Senioren,3,College van Senioren
College voor Zorgverzekeringen,3,College voor Zorgverzekeringen
Colli Friuli,3,Colli Friuli
Colruyt,3,Colruyt
Colt,3,Colt
Columbia-universiteit,3,Columbia-universiteit
Comité I,3,Comité I
Comité P,3,Comité P
Comités de Pouvoir Populaires,3,Comités de Pouvoir Populaires
Comité van de Waakzaamheid,3,Comité van de Waakzaamheid
Commerzbank,3,Commerzbank
Commissie,3,Commissie
commissie-Bakker,3,commissie-Bakker
Commissie Berkhout,3,Commissie Berkhout
Commissie Financiën,3,Commissie Financiën
commissie-Lumumba,3,commissie-Lumumba
commissie-Van den Haak,3,commissie-Van den Haak
Commissie voor Buitenlandse Zaken,3,Commissie voor Buitenlandse Zaken
Commissie voor Nederlands-Antilliaanse en Arubaanse Zaken,3,Commissie voor Nederlands-Antilliaanse en Arubaanse Zaken
Commonwealth,3,Commonwealth
Communistische Partij,3,Communistische Partij
Como,3,Como
CompuServe,3,CompuServe
Computer Crime Unit,3,Computer Crime Unit
Concentra,3,Concentra
Concertgebouw Orkest,3,Concertgebouw Orkest
Confederation Paysanne,3,Confederation Paysanne
Congres,3,Congres
Congrespartij,3,Congrespartij
Conseco,3,Conseco
Conservatieven,3,Conservatieven
Conservatieven.nl,3,Conservatieven.nl
Conservatieven. nl,3,Conservatieven. nl
Conservatieve Partij,3,Conservatieve Partij
Conservatorium,3,Conservatorium
Conservatrix / Velo,3,Conservatrix / Velo
Constituante,3,Constituante
Constitutioneel Hof,3,Constitutioneel Hof
Constitutionele Hof,3,Constitutionele Hof
Consumentenbond,3,Consumentenbond
Consument en Veiligheid,3,Consument en Veiligheid
Contactorgaan Moslims en Overheid,3,Contactorgaan Moslims en Overheid
Continental Club,3,Continental Club
Continental Foods,3,Continental Foods
Conventie,3,Conventie
Coopers & Lybrand,3,Coopers & Lybrand
Copaco,3,Copaco
Corio,3,Corio
Corriere della Sera,3,Corriere della Sera
Corriere della Sport,3,Corriere della Sport
Coruna,3,Coruna
Coruña,3,Coruña
Corus,3,Corus
Corus Group,3,Corus Group
Cosmopolitan,3,Cosmopolitan
Coster,3,Coster
Coster Diamonds,3,Coster Diamonds
Cost Reduction Consultancy,3,Cost Reduction Consultancy
Council of Fashion Designers of America,3,Council of Fashion Designers of America
Counting Crows,3,Counting Crows
COV,3,COV
CPB,3,CPB
CPEX,3,CPEX
CPP,3,CPP
Cranberries,3,Cranberries
CRB,3,CRB
Credit Agricole,3,Credit Agricole
Crédit Agricole,3,Crédit Agricole
Credit Lyonnais,3,Credit Lyonnais
Crédit Lyonnais,3,Crédit Lyonnais
Credit Suisse First Boston,3,Credit Suisse First Boston
Cronos,3,Cronos
Crosspoints,3,Crosspoints
Crown van Gelder,3,Crown van Gelder
Crown Van Gelder,3,Crown Van Gelder
CRS,3,CRS
Crucell,3,Crucell
Cruno,3,Cruno
Crystal Kelly,3,Crystal Kelly
CSA,3,CSA
CSC,3,CSC
CSC-Tiscali,3,CSC-Tiscali
CS Jodoigne,3,CS Jodoigne
CSKA,3,CSKA
CSKA Moskou,3,CSKA Moskou
CSM,3,CSM
CSN,3,CSN
CSS,3,CSS
CSS Holding,3,CSS Holding
CSU,3,CSU
CSV Apeldoorn,3,CSV Apeldoorn
C/TAC,3,C/TAC
CU,3,CU
Cue Palace,3,Cue Palace
Cue Palace Almelo,3,Cue Palace Almelo
Culture Records,3,Culture Records
Cultuur,3,Cultuur
Cultuur en Jongerenbeleid,3,Cultuur en Jongerenbeleid
Cultuur en Media,3,Cultuur en Media
Cupido,3,Cupido
Cure,3,Cure
Cutting Crew,3,Cutting Crew
CVG,3,CVG
CVP,3,CVP
CVZ,3,CVZ
D66,3,D66
Dadiflor,3,Dadiflor
Daily Express,3,Daily Express
Daily Star,3,Daily Star
DaimlerChrysler,3,DaimlerChrysler
Daimler-Chrysler,3,Daimler-Chrysler
Dallas Burn,3,Dallas Burn
Dallas Cowboys,3,Dallas Cowboys
Dalto / HumanNet,3,Dalto / HumanNet
DAT,3,DAT
Davis Cup-team,3,Davis Cup-team
DAX,3,DAX
DC United,3,DC United
DEA,3,DEA
De Artsenkrant,3,De Artsenkrant
De Bezige Bij,3,De Bezige Bij
Decca L'Oiseau-Lyre,3,Decca L'Oiseau-Lyre
De Dijk,3,De Dijk
Deens Cultureel Centrum,3,Deens Cultureel Centrum
Deep Purple,3,Deep Purple
Deetos / PrimCom,3,Deetos / PrimCom
Def,3,Def
Defence for Children,3,Defence for Children
Defence for Children International Nederland,3,Defence for Children International Nederland
Defensie,3,Defensie
Defensie-commissie,3,Defensie-commissie
Deficom,3,Deficom
De Financieel Economische Tijd,3,De Financieel Economische Tijd
De Financieel-Economische Tijd,3,De Financieel-Economische Tijd
DeGraafschap,3,DeGraafschap
De Graafschap,3,De Graafschap
Degremont,3,Degremont
De Groene Amsterdammer,3,De Groene Amsterdammer
Degroof,3,Degroof
De Groot / E & O,3,De Groot / E & O
De Groot / E&O,3,De Groot / E&O
de Haantjes,3,de Haantjes
De Halter Utrecht,3,De Halter Utrecht
De Ham,3,De Ham
De Journalist,3,De Journalist
De Kikvorsen,3,De Kikvorsen
Delatour,3,Delatour
De Lege Geaen,3,De Lege Geaen
Delft Instruments,3,Delft Instruments
Delhaize,3,Delhaize
Delhaize America,3,Delhaize America
De Lijn,3,De Lijn
Deloitte & Touche,3,Deloitte & Touche
De Lombard,3,De Lombard
Delsey,3,Delsey
Delsey Airlines,3,Delsey Airlines
Delta Force,3,Delta Force
Delta Sport,3,Delta Sport
De Meervogels,3,De Meervogels
De Mens,3,De Mens
De Mérode,3,De Mérode
DeMix,3,DeMix
Democraten,3,Democraten
Democratische Partij,3,Democratische Partij
Democratische Volkspartij,3,Democratische Volkspartij
De Morgen,3,De Morgen
De Nachtwacht,3,De Nachtwacht
Den Bosch,3,Den Bosch
De Nederlandsche Bank,3,De Nederlandsche Bank
De Nieuwe Revu,3,De Nieuwe Revu
Denizlispor,3,Denizlispor
De Persgroep,3,De Persgroep
Deportivo,3,Deportivo
Deportivo Cali,3,Deportivo Cali
Deportivo Coruna,3,Deportivo Coruna
Deportivo la Coruna,3,Deportivo la Coruna
Deportivo La Coruna,3,Deportivo La Coruna
De Post,3,De Post
De Prom,3,De Prom
Derde Infanterie Divisie,3,Derde Infanterie Divisie
De Roovers,3,De Roovers
Der Spiegel,3,Der Spiegel
Der Standard,3,Der Standard
Der Tagesspiegel,3,Der Tagesspiegel
De Standaard,3,De Standaard
de Telegraaf,3,de Telegraaf
De Telegraaf,3,De Telegraaf
DE TELEGRAAF,3,DE TELEGRAAF
De Treffers,3,De Treffers
Detroit Red Wings,3,Detroit Red Wings
Deuren,3,Deuren
dEUS,3,dEUS
Deutsche Bank,3,Deutsche Bank
Deutsche Börse,3,Deutsche Börse
Deutsche Grammophon,3,Deutsche Grammophon
Deutsche Mannschaft,3,Deutsche Mannschaft
Deutsche Post,3,Deutsche Post
Deutsche Telekom,3,Deutsche Telekom
Developmental Psychology,3,Developmental Psychology
Deventer Ziekenhuis,3,Deventer Ziekenhuis
de Volkskrant,3,de Volkskrant
De Volkskrant,3,De Volkskrant
DE VOLKSKRANT,3,DE VOLKSKRANT
De Vos-Lemmens,3,De Vos-Lemmens
De Vries Robbé,3,De Vries Robbé
Dexia,3,Dexia
Dexia Bank België,3,Dexia Bank België
Dexxon / BZ&PC,3,Dexxon / BZ&PC
De Zijl-LGB,3,De Zijl-LGB
DGF Stoess,3,DGF Stoess
DHL,3,DHL
Diamant / Tilburg,3,Diamant / Tilburg
Diamondbacks,3,Diamondbacks
Dico International,3,Dico International
Die Haghe,3,Die Haghe
Dienst Toerisme Duitsland,3,Dienst Toerisme Duitsland
Dienst voor de Transportveiligheid,3,Dienst voor de Transportveiligheid
Die Presse,3,Die Presse
Dierenartsen zonder Grenzen,3,Dierenartsen zonder Grenzen
Dierenbescherming,3,Dierenbescherming
D'Ieteren,3,D'Ieteren
Die Welt,3,Die Welt
Digital City,3,Digital City
Digital Nation,3,Digital Nation
Dijkoraad / K 7,3,Dijkoraad / K 7
Dijkoraad / Kwiek,3,Dijkoraad / Kwiek
Dimarso,3,Dimarso
Dimplex / Ekspalvo,3,Dimplex / Ekspalvo
Dinamo Kiev,3,Dinamo Kiev
Dinamo Tirana,3,Dinamo Tirana
Dinamo Zagreb,3,Dinamo Zagreb
Direkt Mail / BFC,3,Direkt Mail / BFC
DirektMail / BFC,3,DirektMail / BFC
DireStraits,3,DireStraits
Dire Straits,3,Dire Straits
Diyarbakirspor,3,Diyarbakirspor
Djurgarden,3,Djurgarden
DKC,3,DKC
DKJO,3,DKJO
DLC,3,DLC
DM,3,DM
DNB,3,DNB
DNC De Nederlanden Compagnie,3,DNC De Nederlanden Compagnie
DocData,3,DocData
DOCdata,3,DOCdata
Dockside,3,Dockside
Doema,3,Doema
Dolmen,3,Dolmen
Domo,3,Domo
Domo / Farm Frites,3,Domo / Farm Frites
Domo-Farm Frites,3,Domo-Farm Frites
Donitas,3,Donitas
Donna,3,Donna
Dood Paard,3,Dood Paard
Doors,3,Doors
Dordtsche Petroleum,3,Dordtsche Petroleum
Doris,3,Doris
DOS'46,3,DOS'46
DOS-WK,3,DOS-WK
DOV,3,DOV
DOV / Klaver Lelie,3,DOV / Klaver Lelie
DOVO,3,DOVO
Dow,3,Dow
Dow Chemicals,3,Dow Chemicals
DPA,3,DPA
DPA Financial People,3,DPA Financial People
DPA Holding,3,DPA Holding
Drachtster Boys,3,Drachtster Boys
Draka,3,Draka
Draka Holding,3,Draka Holding
DSB,3,DSB
DSM,3,DSM
Dte,3,Dte
DTE,3,DTE
Duinzigt Den Haag,3,Duinzigt Den Haag
Duitse Nationale Dienst voor Toerisme,3,Duitse Nationale Dienst voor Toerisme
Duivels,3,Duivels
Dumeco,3,Dumeco
Dunaferr Dunaujvaros,3,Dunaferr Dunaujvaros
Dundee FC,3,Dundee FC
Dundee United,3,Dundee United
Dunfermline,3,Dunfermline
Dutchbat,3,Dutchbat
Dutchbat III,3,Dutchbat III
Dutchtbat,3,Dutchtbat
DVS'33,3,DVS'33
DWK,3,DWK
Dynamo,3,Dynamo
Dynamo Kiev,3,Dynamo Kiev
DYP,3,DYP
Dyson,3,Dyson
EADS,3,EADS
Eagles,3,Eagles
Eastborn Volco,3,Eastborn Volco
Eastman Kodak,3,Eastman Kodak
Easyjet,3,Easyjet
EBBC,3,EBBC
EBBC den Bosch,3,EBBC den Bosch
EBBC Den Bosch,3,EBBC Den Bosch
EBU,3,EBU
EC,3,EC
ECB,3,ECB
ECD,3,ECD
EchoStar,3,EchoStar
Ecolo,3,Ecolo
Economie,3,Economie
Economie en Arbeid,3,Economie en Arbeid
Economische Controledienst,3,Economische Controledienst
Economische Zaken,3,Economische Zaken
Economische Zaken en Werkgelegenheid,3,Economische Zaken en Werkgelegenheid
Econosto,3,Econosto
Ecowas,3,Ecowas
ECOWAS,3,ECOWAS
EDS,3,EDS
EDX Londen,3,EDX Londen
Eenwording,3,Eenwording
Eerste Kamer,3,Eerste Kamer
Efecot,3,Efecot
Effectenbeurs,3,Effectenbeurs
Egis Port,3,Egis Port
Eidai Madeiras do Brasil S.A.,3,Eidai Madeiras do Brasil S.A.
Eiffeltowers,3,Eiffeltowers
EiffelTowers,3,EiffelTowers
Eindhovens Dagblad,3,Eindhovens Dagblad
El Al,3,El Al
Elazigspor,3,Elazigspor
Electrabel,3,Electrabel
Electric Bebop Band,3,Electric Bebop Band
Electro 80,3,Electro 80
Electrolux,3,Electrolux
Elinkwijk,3,Elinkwijk
El Pais,3,El Pais
Elsa,3,Elsa
Elsevier,3,Elsevier
Emancipatie en Familiezaken,3,Emancipatie en Familiezaken
Emba,3,Emba
Emis,3,Emis
Emmen,3,Emmen
Empoli,3,Empoli
EM.TV,3,EM.TV
Endemol,3,Endemol
Eneco,3,Eneco
Energie Cottbus,3,Energie Cottbus
Eni,3,Eni
Enron,3,Enron
Enviro,3,Enviro
Enviro-Chem Systems,3,Enviro-Chem Systems
Environnement,3,Environnement
EO,3,EO
E & O,3,E & O
E&O,3,E&O
EOC,3,EOC
EOD,3,EOD
E.on,3,E.on
E. on,3,E. on
EPA,3,EPA
EPLF,3,EPLF
EPZ,3,EPZ
Erasmushogeschool Brussel,3,Erasmushogeschool Brussel
Erasmus Universiteit,3,Erasmus Universiteit
Eredivisie NV,3,Eredivisie NV
Ericsson,3,Ericsson
Eriks,3,Eriks
Eritrean People's Liberation Front,3,Eritrean People's Liberation Front
Ernst & Young,3,Ernst & Young
Esa,3,Esa
ESA,3,ESA
ESB,3,ESB
e-Services,3,e-Services
ESF,3,ESF
Esko Graphics,3,Esko Graphics
Espanyol,3,Espanyol
Esquela Libre de Ingeniera,3,Esquela Libre de Ingeniera
Essent,3,Essent
Essent Milieu,3,Essent Milieu
Essent Sneek,3,Essent Sneek
Esso,3,Esso
ETA,3,ETA
Etos,3,Etos
EU,3,EU
Eurocontrol,3,Eurocontrol
Eurocross International,3,Eurocross International
EuroCross International,3,EuroCross International
Eurodiesel,3,Eurodiesel
Euro Disney,3,Euro Disney
Euronext,3,Euronext
EuroNext,3,EuroNext
Euronext Brussel,3,Euronext Brussel
Europarlement,3,Europarlement
European Broadcasting Union,3,European Broadcasting Union
European Laboratory for Structuring Engineering,3,European Laboratory for Structuring Engineering
European Scientific Working Group on Influenza,3,European Scientific Working Group on Influenza
European Voice,3,European Voice
Europees Hof,3,Europees Hof
Europees Hof voor de Rechten van de Mens,3,Europees Hof voor de Rechten van de Mens
Europees Parlement,3,Europees Parlement
Europees Sociaal Forum,3,Europees Sociaal Forum
Europese Centrale Bank,3,Europese Centrale Bank
Europese Commissie,3,Europese Commissie
Europese Conventie,3,Europese Conventie
Europese Gemeenschap,3,Europese Gemeenschap
Europese Hof,3,Europese Hof
Europese Hof van Justitie,3,Europese Hof van Justitie
Europese Hof voor de Mensenrechten,3,Europese Hof voor de Mensenrechten
Europese Parlement,3,Europese Parlement
Europese Raad,3,Europese Raad
Europese Ruimtevaartorganisatie,3,Europese Ruimtevaartorganisatie
Europese Unie,3,Europese Unie
Europese Voedselautoriteit,3,Europese Voedselautoriteit
Europese Zaken,3,Europese Zaken
Europol,3,Europol
Eurostar,3,Eurostar
Eurythmics,3,Eurythmics
Euskaltel,3,Euskaltel
EVC,3,EVC
EVC International,3,EVC International
Everton,3,Everton
EVRM,3,EVRM
Exact,3,Exact
Exact Holding,3,Exact Holding
Excelsior,3,Excelsior
Excelsior'20,3,Excelsior'20
Exc. Moeskroen,3,Exc. Moeskroen
Exendis,3,Exendis
Explosieven Opruimingscommando,3,Explosieven Opruimingscommando
Explosieven Opruimings Commando,3,Explosieven Opruimings Commando
Explosieven Opruimingsdienst,3,Explosieven Opruimingsdienst
Exportorgaan,3,Exportorgaan
Export Vlaanderen,3,Export Vlaanderen
Extremis,3,Extremis
EZ,3,EZ
Ezana Mining Development,3,Ezana Mining Development
Fabiolaziekenhuis,3,Fabiolaziekenhuis
Faithless,3,Faithless
Famagusta,3,Famagusta
FAO,3,FAO
FARC,3,FARC
Farm Friters,3,Farm Friters
Farm Frites,3,Farm Frites
Fassa Bartolo,3,Fassa Bartolo
Fatah,3,Fatah
Fatah-beweging,3,Fatah-beweging
FBI,3,FBI
FC Antwerp,3,FC Antwerp
FC Barcelona,3,FC Barcelona
FC Basel,3,FC Basel
FC Den Bosch,3,FC Den Bosch
FC Dordrecht,3,FC Dordrecht
FC Eindhoven,3,FC Eindhoven
FC Fulham,3,FC Fulham
FC Groningen,3,FC Groningen
FC Hilversum,3,FC Hilversum
FC Kaiserslautern,3,FC Kaiserslautern
FC Kopenhagen,3,FC Kopenhagen
FC Lisse,3,FC Lisse
FC Lorient,3,FC Lorient
FC Midtjylland,3,FC Midtjylland
FC Nantes,3,FC Nantes
FC Nürnberg,3,FC Nürnberg
FC Omniworld,3,FC Omniworld
FC Onmiworld,3,FC Onmiworld
FC Porto,3,FC Porto
FC Sevilla,3,FC Sevilla
FC Twente,3,FC Twente
FC Utrecht,3,FC Utrecht
FC Volendam,3,FC Volendam
FC Zimbru,3,FC Zimbru
FC Zwolle,3,FC Zwolle
FD,3,FD
FDD,3,FDD
FDF,3,FDF
FDP,3,FDP
FEB,3,FEB
Fed,3,Fed
FED,3,FED
Federale Verkiezingsinstituut,3,Federale Verkiezingsinstituut
Federal Reserve,3,Federal Reserve
Federatie Antroposofische Gezondheidszorg,3,Federatie Antroposofische Gezondheidszorg
Federatie van Marokkaanse Verenigingen,3,Federatie van Marokkaanse Verenigingen
Feijenoord,3,Feijenoord
Fenerbahce,3,Fenerbahce
Fepescu,3,Fepescu
Ferencvaros,3,Ferencvaros
Ferrari,3,Ferrari
Festina,3,Festina
F.E.T.,3,F.E.T.
Feyenoord,3,Feyenoord
FGTB,3,FGTB
FIA,3,FIA
Fiat,3,Fiat
Fiat Auto,3,Fiat Auto
FIDE,3,FIDE
Fifa,3,Fifa
FIFA,3,FIFA
Filharmonisch Orkest,3,Filharmonisch Orkest
Fin,3,Fin
Financial Times,3,Financial Times
Financial Times Deutschland,3,Financial Times Deutschland
Financieel Economische Tijd,3,Financieel Economische Tijd
Financieele Dagblad,3,Financieele Dagblad
Financien,3,Financien
Financiën,3,Financiën
FIOD,3,FIOD
Fiqas / Aalsmeer,3,Fiqas / Aalsmeer
FIS,3,FIS
Fiscale Inlichtingen- en Opsporingsdienst,3,Fiscale Inlichtingen- en Opsporingsdienst
FKM,3,FKM
FK Sarajevo,3,FK Sarajevo
Flamengo,3,Flamengo
Flanders Language Valley,3,Flanders Language Valley
Fleurop Interflora,3,Fleurop Interflora
Flevo Boys,3,Flevo Boys
Floralux,3,Floralux
Florie / Vrevok,3,Florie / Vrevok
FLV,3,FLV
FMO,3,FMO
FN,3,FN
FN Herstal,3,FN Herstal
FNV,3,FNV
FNV Bondgenoten,3,FNV Bondgenoten
FNV Ledenservice,3,FNV Ledenservice
Fokker,3,Fokker
FOMC,3,FOMC
Fonds voor Beeldende Kunsten,3,Fonds voor Beeldende Kunsten
Ford,3,Ford
Ford Genk,3,Ford Genk
Formido / Heerenveen,3,Formido / Heerenveen
Formule 1-commissie,3,Formule 1-commissie
Fornix,3,Fornix
Fornix Biosciences,3,Fornix Biosciences
Fortis,3,Fortis
Fortis AG,3,Fortis AG
Fortis Bank,3,Fortis Bank
Fortis België,3,Fortis België
Fortis Nederland,3,Fortis Nederland
Fortuna,3,Fortuna
Fortuna Sittard,3,Fortuna Sittard
Forum voor Vredesactie,3,Forum voor Vredesactie
Foundation,3,Foundation
Fox Kids Europe,3,Fox Kids Europe
FPÖ,3,FPÖ
FR2,3,FR2
FR 2,3,FR 2
France 2,3,France 2
France Soir,3,France Soir
France Telecom,3,France Telecom
France Télécom,3,France Télécom
France Tilicom,3,France Tilicom
Frans Maas,3,Frans Maas
Freedom Forum,3,Freedom Forum
Freenet,3,Freenet
Free Record Shop,3,Free Record Shop
Friesch Dagblad,3,Friesch Dagblad
Front voor de Souvereiniteit van de Molukken,3,Front voor de Souvereiniteit van de Molukken
Frugo,3,Frugo
FSB,3,FSB
FSV Kroppach,3,FSV Kroppach
FT,3,FT
Fugro,3,Fugro
Fulham,3,Fulham
Fürst,3,Fürst
FVT / De Keij,3,FVT / De Keij
G14,3,G14
G7,3,G7
G. A. Eagles,3,G. A. Eagles
G.A. Eagles,3,G.A. Eagles
GA Eagles,3,GA Eagles
Gaia,3,Gaia
Galatasaray,3,Galatasaray
GAM,3,GAM
Gamesa,3,Gamesa
Gamma,3,Gamma
Gasunie,3,Gasunie
Gazet van Antwerpen,3,Gazet van Antwerpen
Gaziantepspor,3,Gaziantepspor
GBL,3,GBL
G. Bordeaux,3,G. Bordeaux
GE,3,GE
Gedeputeerde Staten,3,Gedeputeerde Staten
Gedeputeerde Staten van Gelderland,3,Gedeputeerde Staten van Gelderland
Geldnet,3,Geldnet
Gelijke Kansen,3,Gelijke Kansen
Gemeenschaps Partij,3,Gemeenschaps Partij
Gemeentebelangen,3,Gemeentebelangen
Gemeentekrediet,3,Gemeentekrediet
Gemeentelijke Fusieschool,3,Gemeentelijke Fusieschool
Gemeentelijke Holding,3,Gemeentelijke Holding
Gemplus,3,Gemplus
Genclerbirligi,3,Genclerbirligi
Generale,3,Generale
General Electric,3,General Electric
Generale Maatschappij,3,Generale Maatschappij
Generali,3,Generali
General Motors,3,General Motors
Genesis,3,Genesis
Genk,3,Genk
Genotschap,3,Genotschap
Genotschap der Bierproevers,3,Genotschap der Bierproevers
Germinal,3,Germinal
Germinal Beerschot,3,Germinal Beerschot
Germinal Ekeren,3,Germinal Ekeren
Gerolsteiner,3,Gerolsteiner
Gestapo,3,Gestapo
Getronics,3,Getronics
Getronics Nederland,3,Getronics Nederland
Geveke,3,Geveke
Gewapende Islamitische Groep,3,Gewapende Islamitische Groep
GG & GD,3,GG & GD
Giants,3,Giants
GIB,3,GIB
Gil Vicente,3,Gil Vicente
GIMV,3,GIMV
Gimvindus,3,Gimvindus
GL,3,GL
Glasgow Rangers,3,Glasgow Rangers
Glasg. Rangers,3,Glasg. Rangers
Glaverbel,3,Glaverbel
GlaxoSmithKline,3,GlaxoSmithKline
Global Alliance on Commodities and Coffee,3,Global Alliance on Commodities and Coffee
Global Asset Capital,3,Global Asset Capital
Global Relief Foundation,3,Global Relief Foundation
GM,3,GM
Go Ahead Eagles,3,Go Ahead Eagles
GOG Gudme,3,GOG Gudme
Go Jazz,3,Go Jazz
Golden Earring,3,Golden Earring
Goldman,3,Goldman
Goldman Sachs,3,Goldman Sachs
Goldman Sachs-bank,3,Goldman Sachs-bank
Golkar,3,Golkar
Gorki,3,Gorki
Gorky,3,Gorky
Gouda Vuurvast,3,Gouda Vuurvast
Göztepe,3,Göztepe
GPV,3,GPV
Graafschap,3,Graafschap
Grafisch Lyceum Utrecht,3,Grafisch Lyceum Utrecht
GRANDO GZC / DONK,3,GRANDO GZC / DONK
Grasshoppers,3,Grasshoppers
Grazer AK,3,Grazer AK
Great Council of Chiefs,3,Great Council of Chiefs
Greenpeace,3,Greenpeace
Groenen,3,Groenen
Groene Ster,3,Groene Ster
Groen Geel,3,Groen Geel
Groeninghe-Ten Bos,3,Groeninghe-Ten Bos
Groenlinks,3,Groenlinks
GroenLinks,3,GroenLinks
Groep De Jong,3,Groep De Jong
Groep-De Jong,3,Groep-De Jong
Groep Geleide Wapens,3,Groep Geleide Wapens
Grolsch,3,Grolsch
Grondstoffeninspectie,3,Grondstoffeninspectie
Grontmij,3,Grontmij
Grote Prijs van Wallonië,3,Grote Prijs van Wallonië
Grünen,3,Grünen
Grusonia,3,Grusonia
GS,3,GS
GTI-Reiscompas,3,GTI-Reiscompas
Guardia Civil,3,Guardia Civil
Gucci,3,Gucci
Guimaraes,3,Guimaraes
Guimardstraat,3,Guimardstraat
Guingamp,3,Guingamp
Gulf,3,Gulf
Guns 'n Roses,3,Guns 'n Roses
Guns n' Roses,3,Guns n' Roses
Guns ' N Roses,3,Guns ' N Roses
Gutenbic,3,Gutenbic
GUTENBIC,3,GUTENBIC
GvA,3,GvA
GVVV,3,GVVV
GWK,3,GWK
Gyproc,3,Gyproc
Gyproc Benelux,3,Gyproc Benelux
GZP,3,GZP
Haagsche,3,Haagsche
Haagsche RC,3,Haagsche RC
Haaretz,3,Haaretz
Ha'aretz,3,Ha'aretz
Haarlem,3,Haarlem
Hagemeyer,3,Hagemeyer
Hajduk Split,3,Hajduk Split
HAK,3,HAK
HAL Trust,3,HAL Trust
Hamas,3,Hamas
Hamburger SV,3,Hamburger SV
Handel,3,Handel
Hannaford,3,Hannaford
Hannover 96,3,Hannover 96
Hansa Rostock,3,Hansa Rostock
Hapoel,3,Hapoel
Hapoel TA,3,Hapoel TA
Hapoel Tel Aviv,3,Hapoel Tel Aviv
Harkatul Mojahedin al Alami,3,Harkatul Mojahedin al Alami
Harkemase Boys,3,Harkemase Boys
Harley Davidson,3,Harley Davidson
Harper's Bazaar,3,Harper's Bazaar
Harvard Medical School,3,Harvard Medical School
Haslemere,3,Haslemere
Haven Brussel,3,Haven Brussel
Haven van Brussel,3,Haven van Brussel
Havi-TV,3,Havi-TV
HBG,3,HBG
HBO-raad,3,HBO-raad
HBvL,3,HBvL
HCAW,3,HCAW
HCC,3,HCC
HCKZ,3,HCKZ
HdP,3,HdP
Hearts,3,Hearts
Heerenveen,3,Heerenveen
Heijmans,3,Heijmans
Heineken,3,Heineken
Heineken Holding,3,Heineken Holding
Hellas,3,Hellas
Hell's Angels,3,Hell's Angels
Helmond Sp.,3,Helmond Sp.
Helmond Sport,3,Helmond Sport
Helvoet,3,Helvoet
Hema,3,Hema
Hendrix Meat Group,3,Hendrix Meat Group
Hengelhoef,3,Hengelhoef
Henk ten Hoor / DTK,3,Henk ten Hoor / DTK
Heracles,3,Heracles
Heracles Alm,3,Heracles Alm
Heracles Almelo,3,Heracles Almelo
Herald Tribune,3,Herald Tribune
Hercules,3,Hercules
Hercules Amsterdam,3,Hercules Amsterdam
Hercules Dordrecht,3,Hercules Dordrecht
Hermes DVS,3,Hermes DVS
Hertha,3,Hertha
Hertha BSC,3,Hertha BSC
HES Beheer,3,HES Beheer
Het Belang van Limburg,3,Het Belang van Limburg
Het Laatste Nieuws,3,Het Laatste Nieuws
het Muziek Lod,3,het Muziek Lod
Het Net,3,Het Net
Het Nieuwsblad,3,Het Nieuwsblad
Het Parool,3,Het Parool
HET PAROOL,3,HET PAROOL
Het Spectrum,3,Het Spectrum
Het Volk,3,Het Volk
Hexcel Welkenraedt,3,Hexcel Welkenraedt
Hezbollah,3,Hezbollah
HGC,3,HGC
HHW Cuba,3,HHW Cuba
Hibernian,3,Hibernian
Hill & Knowlton,3,Hill & Knowlton
Hirondelle,3,Hirondelle
Hitlerjugend,3,Hitlerjugend
Hit Nova Gorcia,3,Hit Nova Gorcia
HITT,3,HITT
HK Vojvodina,3,HK Vojvodina
HLN,3,HLN
H&M,3,H&M
HMG,3,HMG
Hochheimer Herrnberg,3,Hochheimer Herrnberg
Hoek,3,Hoek
Hof,3,Hof
Hof van Cassatie,3,Hof van Cassatie
Hof van Straatsburg,3,Hof van Straatsburg
Hoge Colleges van Staat,3,Hoge Colleges van Staat
Hoge Raad,3,Hoge Raad
Hoge Raad voor de Sport,3,Hoge Raad voor de Sport
Hoge Raad voor de Zelfstandigen,3,Hoge Raad voor de Zelfstandigen
Hoge Raad voor Diamant,3,Hoge Raad voor Diamant
Hoge Raad voor het Verbruik,3,Hoge Raad voor het Verbruik
Hoger Instituut Sint-Lucas,3,Hoger Instituut Sint-Lucas
Hogeschool,3,Hogeschool
Hogeschool Antwerpen,3,Hogeschool Antwerpen
Hogeschool Gent,3,Hogeschool Gent
Hogeschool voor de Kunsten,3,Hogeschool voor de Kunsten
Hok,3,Hok
Hok / Transfer Solutions,3,Hok / Transfer Solutions
Holland Casino,3,Holland Casino
Holland Colours,3,Holland Colours
Hollandia,3,Hollandia
Holland Media Groep,3,Holland Media Groep
Hollandse Dagbladcombinatie,3,Hollandse Dagbladcombinatie
Honda,3,Honda
Hoofdproductschap Akkerbouw,3,Hoofdproductschap Akkerbouw
Hoofdstedelijke Raad,3,Hoofdstedelijke Raad
Hoog Comité van Toezicht,3,Hoog Comité van Toezicht
Hoogeveen,3,Hoogeveen
Hooggerechtshof,3,Hooggerechtshof
Hoogovens,3,Hoogovens
Hootie & The Blowfish,3,Hootie & The Blowfish
Hooverphonic,3,Hooverphonic
Horn,3,Horn
Hout- en Bouwbond,3,Hout- en Bouwbond
Hoverspeed,3,Hoverspeed
HPA,3,HPA
HRD,3,HRD
HRW,3,HRW
HSBC,3,HSBC
HSC'21 / Brein,3,HSC'21 / Brein
HSG,3,HSG
HSRC,3,HSRC
HSV,3,HSV
HTM,3,HTM
Huis der Koningin,3,Huis der Koningin
Huis Savoie,3,Huis Savoie
Huis van Afgevaardigden,3,Huis van Afgevaardigden
Huisvesting,3,Huisvesting
Human Fertility Research Group,3,Human Fertility Research Group
Human Rights Watch,3,Human Rights Watch
Humo,3,Humo
Hunter Douglas,3,Hunter Douglas
Hurley,3,Hurley
Huyzentruyt,3,Huyzentruyt
HvA,3,HvA
HVC,3,HVC
HWS,3,HWS
Hynix,3,Hynix
HZDS,3,HZDS
HZ Zian,3,HZ Zian
IAAF,3,IAAF
IAEA,3,IAEA
IAF,3,IAF
IAP,3,IAP
Ibama,3,Ibama
Iberia,3,Iberia
IBM,3,IBM
Ibycus,3,Ibycus
ICC,3,ICC
IC De Dieze,3,IC De Dieze
ICES,3,ICES
ICT Automatisering,3,ICT Automatisering
Iers Republikeins Leger,3,Iers Republikeins Leger
IFB,3,IFB
IFE,3,IFE
IFFHS,3,IFFHS
IFPI,3,IFPI
IHC-CAL,3,IHC-CAL
IHC Caland,3,IHC Caland
IHC-Caland,3,IHC-Caland
IJsselmeervogels,3,IJsselmeervogels
IJzerbedevaartcomitié,3,IJzerbedevaartcomitié
Ikea,3,Ikea
IKEA,3,IKEA
IKON,3,IKON
IKOR,3,IKOR
IKV,3,IKV
ILK,3,ILK
Illchroma,3,Illchroma
Imca,3,Imca
IMF,3,IMF
Imperial,3,Imperial
Imperial Invest,3,Imperial Invest
Imtech,3,Imtech
INA,3,INA
Inclusie Vlaanderen,3,Inclusie Vlaanderen
IND,3,IND
Indaver,3,Indaver
Independiente,3,Independiente
Indiana Pacers,3,Indiana Pacers
India Today,3,India Today
Infostrada,3,Infostrada
ING,3,ING
ING Bank,3,ING Bank
ING Groep,3,ING Groep
Initial Security,3,Initial Security
Innoconcepts,3,Innoconcepts
Inspectie Gezondheidszorg,3,Inspectie Gezondheidszorg
Inspectie Jeugdhulpverlening,3,Inspectie Jeugdhulpverlening
Inspectie voor de Gezondheidszorg,3,Inspectie voor de Gezondheidszorg
Institute of Leaderschip,3,Institute of Leaderschip
Institute of Leadership,3,Institute of Leadership
Institute of Social Studies,3,Institute of Social Studies
Instituut voor het Archeologische Patrimonium,3,Instituut voor het Archeologische Patrimonium
Instituut voor Publiek en Politiek,3,Instituut voor Publiek en Politiek
Instituut voor Sociaal en Politiek Opinieonderzoek,3,Instituut voor Sociaal en Politiek Opinieonderzoek
Intel,3,Intel
Inter,3,Inter
Interbrew,3,Interbrew
Inter-Environnement,3,Inter-Environnement
Interfax,3,Interfax
Inter Ferry Boats,3,Inter Ferry Boats
Inter Milaan,3,Inter Milaan
Inter Milan,3,Inter Milan
Internationaal Atoomagentschap,3,Internationaal Atoomagentschap
Internationaal Atoom Agentschap,3,Internationaal Atoom Agentschap
Internationaal Atoomenergie Agentschap,3,Internationaal Atoomenergie Agentschap
Internationaal Bureau voor Atoomenergie,3,Internationaal Bureau voor Atoomenergie
Internationaal Gerechtshof,3,Internationaal Gerechtshof
Internationaal Muntfonds,3,Internationaal Muntfonds
Internationaal Olympisch Comité,3,Internationaal Olympisch Comité
Internationaal Strafhof,3,Internationaal Strafhof
International Boundaries Research,3,International Boundaries Research
Internationale Atoomenenergie Agentschap,3,Internationale Atoomenenergie Agentschap
Internationale Automobielfederatie,3,Internationale Automobielfederatie
Internationale Federatie voor Voetbalhistorie en Statistiek,3,Internationale Federatie voor Voetbalhistorie en Statistiek
Internationale Strafhof,3,Internationale Strafhof
Internationale Wielerunie,3,Internationale Wielerunie
International Monetair Fonds,3,International Monetair Fonds
International Paper,3,International Paper
International Security Assistance Force,3,International Security Assistance Force
International Steel,3,International Steel
Internazionale,3,Internazionale
Interpay,3,Interpay
Interstedelijk Studenten Overleg,3,Interstedelijk Studenten Overleg
InterTrust Technologies Corporation,3,InterTrust Technologies Corporation
Intervest,3,Intervest
Interview,3,Interview
Interview NSS,3,Interview NSS
Invensys,3,Invensys
Invensys Software and Systems,3,Invensys Software and Systems
Inverness,3,Inverness
Investor Relations,3,Investor Relations
IOC,3,IOC
IP Marketing,3,IP Marketing
IPO,3,IPO
IPS,3,IPS
Ipswich,3,Ipswich
Ipswich Town,3,Ipswich Town
Ira,3,Ira
IRA,3,IRA
Iraaks Nationaal Congres,3,Iraaks Nationaal Congres
Iraklis,3,Iraklis
IRS,3,IRS
Isaf,3,Isaf
ISAF,3,ISAF
Isafvredesmacht,3,Isafvredesmacht
Islamitische Alliantie,3,Islamitische Alliantie
Islamitische Jihad,3,Islamitische Jihad
Islamitisch Reddingsfront,3,Islamitisch Reddingsfront
ISO Dance Theater,3,ISO Dance Theater
Isotis,3,Isotis
Ispat International,3,Ispat International
ISPO,3,ISPO
Istanbulspor,3,Istanbulspor
@ iT,3,@ iT
Italgas,3,Italgas
Itar,3,Itar
ITC,3,ITC
ITF,3,ITF
IUCN,3,IUCN
Ivoriaanse Volksbeweging,3,Ivoriaanse Volksbeweging
IVS,3,IVS
IWin,3,IWin
Jabil,3,Jabil
Jabil Circuit,3,Jabil Circuit
Jaga,3,Jaga
Jaguar,3,Jaguar
Jakarta Post,3,Jakarta Post
Jamaah Islamiyah,3,Jamaah Islamiyah
JamBangle,3,JamBangle
Jammu en Kashmir Bevrijdingsfront,3,Jammu en Kashmir Bevrijdingsfront
JC Decaux,3,JC Decaux
Jemaah Islamiyah,3,Jemaah Islamiyah
Jemaah Islamyah,3,Jemaah Islamyah
Jeugdzorg Dordrecht,3,Jeugdzorg Dordrecht
Jihad,3,Jihad
Jinnah,3,Jinnah
JKLF,3,JKLF
Joegoslavië-Tribunaal,3,Joegoslavië-Tribunaal
Jong ADO Den Haag,3,Jong ADO Den Haag
Jong Ajax,3,Jong Ajax
Jong AZ,3,Jong AZ
Jong Cambuur L.,3,Jong Cambuur L.
Jong Denemarken,3,Jong Denemarken
Jong Excelsior,3,Jong Excelsior
Jong FC Twente,3,Jong FC Twente
Jong FC Utrecht,3,Jong FC Utrecht
Jong FC Volendam,3,Jong FC Volendam
Jong Feyenoord,3,Jong Feyenoord
Jong Groningen,3,Jong Groningen
Jong Heerenveen,3,Jong Heerenveen
Jong Helmond Sport,3,Jong Helmond Sport
Jong MVV,3,Jong MVV
Jong NAC,3,Jong NAC
Jong Oranje,3,Jong Oranje
Jong PSV,3,Jong PSV
Jong RBC,3,Jong RBC
Jong RKC Waalwijk,3,Jong RKC Waalwijk
Jong Roda JC,3,Jong Roda JC
Jong Sparta,3,Jong Sparta
Jong Vitesse,3,Jong Vitesse
Jong VVV,3,Jong VVV
Jong Willem II,3,Jong Willem II
Jordan,3,Jordan
Journal of Internal Medicine,3,Journal of Internal Medicine
Journal of Nutrition,3,Journal of Nutrition
Joy Division,3,Joy Division
JP Morgan,3,JP Morgan
JP Morgan Chase,3,JP Morgan Chase
Jubilee Campaign NL,3,Jubilee Campaign NL
Justitie,3,Justitie
Juve,3,Juve
Juventus,3,Juventus
JVC Cuijk,3,JVC Cuijk
K3,3,K3
Kabinet der Koningin,3,Kabinet der Koningin
Kabinet van de Gouverneur van Aruba,3,Kabinet van de Gouverneur van Aruba
Kabinet van de Gouverneur van de Nederlandse Antillen,3,Kabinet van de Gouverneur van de Nederlandse Antillen
Kaiserslautern,3,Kaiserslautern
Kalzip,3,Kalzip
Kamer,3,Kamer
Kamers van Koophandel,3,Kamers van Koophandel
Kamer van Handel en Nijverheid,3,Kamer van Handel en Nijverheid
Kampong,3,Kampong
Kanaal 2,3,Kanaal 2
KANAAL 2,3,KANAAL 2
Kanaal Z,3,Kanaal Z
Kane,3,Kane
Kansspelcommissie,3,Kansspelcommissie
Kanu,3,Kanu
KANU,3,KANU
Kapitol,3,Kapitol
Kardinaal Van Roey Instituut,3,Kardinaal Van Roey Instituut
Kas Bank,3,Kas Bank
KASKI,3,KASKI
Katholieke Universiteit,3,Katholieke Universiteit
Katoen Natie,3,Katoen Natie
Kazaa,3,Kazaa
Kazzinc Torpedo,3,Kazzinc Torpedo
KBC,3,KBC
KBC-groep,3,KBC-groep
KBC Securities,3,KBC Securities
KB Lux,3,KB Lux
KBS Holland,3,KBS Holland
KBV,3,KBV
KCO,3,KCO
Keipenheuer Witsch,3,Keipenheuer Witsch
Kelly Family,3,Kelly Family
Kelme,3,Kelme
Kendrion,3,Kendrion
Kendrion Finance,3,Kendrion Finance
Keppel,3,Keppel
Kerk in Nood,3,Kerk in Nood
Kerk in Nood / Oostpriesterhulp,3,Kerk in Nood / Oostpriesterhulp
Kernfysische Dienst,3,Kernfysische Dienst
Keuringsdienst van Waren,3,Keuringsdienst van Waren
KHN,3,KHN
KHNL Zagreb,3,KHNL Zagreb
Kiesraad,3,Kiesraad
Kijk en LuisterOnderzoek,3,Kijk en LuisterOnderzoek
Kilmarnock,3,Kilmarnock
Kinepolis,3,Kinepolis
KirchMedia,3,KirchMedia
K. K. Brewery,3,K. K. Brewery
KK Zadar,3,KK Zadar
KL,3,KL
Klasse voor Ouders,3,Klasse voor Ouders
Klaver Lelie,3,Klaver Lelie
KLM,3,KLM
KLO,3,KLO
KLPD,3,KLPD
Kluwer,3,Kluwer
Kmar,3,Kmar
KMI,3,KMI
Knack,3,Knack
Knesset,3,Knesset
KNHB,3,KNHB
Knicks,3,Knicks
KNLTB,3,KNLTB
KNMG,3,KNMG
KNMI,3,KNMI
KNMP,3,KNMP
KNRB,3,KNRB
KNSB,3,KNSB
KNV,3,KNV
KNVB,3,KNVB
KNWU,3,KNWU
Kocaelispor,3,Kocaelispor
Kocealispor,3,Kocealispor
Kodakteam,3,Kodakteam
Koenders / V & L,3,Koenders / V & L
Koloniën,3,Koloniën
Kommunalnik Grodno,3,Kommunalnik Grodno
Konica,3,Konica
Koning Boudewijnstichting,3,Koning Boudewijnstichting
Koninklijk Concertgebouw Orkest,3,Koninklijk Concertgebouw Orkest
Koninklijke Belgische Voetbalbond,3,Koninklijke Belgische Voetbalbond
Koninklijke Familie,3,Koninklijke Familie
Koninklijke Huis,3,Koninklijke Huis
Koninklijke Landmacht,3,Koninklijke Landmacht
Koninklijke Luchtmacht,3,Koninklijke Luchtmacht
Koninklijke Maatschappij tot Bevordering der Geneeskunst,3,Koninklijke Maatschappij tot Bevordering der Geneeskunst
Koninklijke Marechaussee,3,Koninklijke Marechaussee
Koninklijke Marine,3,Koninklijke Marine
Koninklijke Musea voor Kunst en Geschiedenis,3,Koninklijke Musea voor Kunst en Geschiedenis
Koninklijke Nederlandsche Petroleum Maatschappij,3,Koninklijke Nederlandsche Petroleum Maatschappij
Koninklijke Olie,3,Koninklijke Olie
Koninklijke Wegenbouw Stevin,3,Koninklijke Wegenbouw Stevin
Koninklijk Horeca Nederland,3,Koninklijk Horeca Nederland
Koninklijk Huis,3,Koninklijk Huis
Kon. Olie,3,Kon. Olie
Kon. UD,3,Kon. UD
Koop Tjuchem,3,Koop Tjuchem
Koop-Tjuchem,3,Koop-Tjuchem
Koramic,3,Koramic
Korps Landelijke Politiediensten,3,Korps Landelijke Politiediensten
K-otic,3,K-otic
Kozakken Boys,3,Kozakken Boys
KP,3,KP
KPMG,3,KPMG
KPN,3,KPN
KPN Belgium,3,KPN Belgium
KPNQwest,3,KPNQwest
KPN Qwest,3,KPN Qwest
Kralovo Pole Brno,3,Kralovo Pole Brno
Kras Boys,3,Kras Boys
KRAS Volendam,3,KRAS Volendam
KRAS / Volendam,3,KRAS / Volendam
KRO,3,KRO
Kroon,3,Kroon
Kruidvat,3,Kruidvat
K's Choice,3,K's Choice
KTS,3,KTS
Kühne + Heitz,3,Kühne + Heitz
Ku Klux Klan,3,Ku Klux Klan
KUL,3,KUL
KU Leuven,3,KU Leuven
Kuwait Petroleum,3,Kuwait Petroleum
KV,3,KV
KVM,3,KVM
KV Mechelen,3,KV Mechelen
Kyoto Purple Sanga,3,Kyoto Purple Sanga
Labour,3,Labour
Labourpartij,3,Labourpartij
La Coruña,3,La Coruña
Ladbrokes,3,Ladbrokes
La Deux,3,La Deux
Lafarge,3,Lafarge
La Française des Jeux,3,La Française des Jeux
La Gazette,3,La Gazette
Lagerhuis,3,Lagerhuis
Lakers,3,Lakers
LA Lakers,3,LA Lakers
La Libre Belgique,3,La Libre Belgique
La Louviere,3,La Louviere
La Louvière,3,La Louvière
Lampre,3,Lampre
Lampre-Daikin,3,Lampre-Daikin
Lampres,3,Lampres
Land Acquisition Committee,3,Land Acquisition Committee
Landbouw,3,Landbouw
Landbouw en Visserij,3,Landbouw en Visserij
Landbouw,3,Landbouw
Landelijke Vereniging Groepswonen voor Ouderen,3,Landelijke Vereniging Groepswonen voor Ouderen
Land- en Tuinbouworganisatie,3,Land- en Tuinbouworganisatie
Landis,3,Landis
Landis Group,3,Landis Group
Landmacht,3,Landmacht
Landstede Zwolle,3,Landstede Zwolle
Langweid,3,Langweid
Laoag Air,3,Laoag Air
La Repubblica,3,La Repubblica
Lars Muller Publishers,3,Lars Muller Publishers
Laskar Jihad,3,Laskar Jihad
La Une,3,La Une
Laurus,3,Laurus
Lava,3,Lava
Lazard Frères,3,Lazard Frères
Lazio Roma,3,Lazio Roma
LBC,3,LBC
LCI,3,LCI
LCI Computer,3,LCI Computer
LDP,3,LDP
Led Zeppelin,3,Led Zeppelin
Leeds,3,Leeds
Leeds United,3,Leeds United
Leefbaar Ned,3,Leefbaar Ned
Leefbaar Nederland,3,Leefbaar Nederland
Leefbaar Rotterdam,3,Leefbaar Rotterdam
Leefbaar Utrecht,3,Leefbaar Utrecht
Leefmilieu,3,Leefmilieu
Leemhuis & Van Loon,3,Leemhuis & Van Loon
Leftfield,3,Leftfield
Leger des Heils,3,Leger des Heils
Legia,3,Legia
Legia Warschau,3,Legia Warschau
Legio Lease,3,Legio Lease
Legrand,3,Legrand
Leicester City,3,Leicester City
Leidse Universiteit,3,Leidse Universiteit
Leixoes,3,Leixoes
Le Monde,3,Le Monde
L'Equipe,3,L'Equipe
Lernout & Hauspie,3,Lernout & Hauspie
Les Bleus,3,Les Bleus
Le Soir,3,Le Soir
Les XX,3,Les XX
Letteren en Wijsbegeerte,3,Letteren en Wijsbegeerte
Levski Sofia,3,Levski Sofia
LHSP,3,LHSP
Liberaal Appél,3,Liberaal Appél
Libération,3,Libération
Libertel,3,Libertel
Lierse,3,Lierse
Lierse SK,3,Lierse SK
LIFFE,3,LIFFE
Liga,3,Liga
Liga voor de Mensenrechten,3,Liga voor de Mensenrechten
Ligitan,3,Ligitan
Lijst Fortuyn,3,Lijst Fortuyn
Lijst Nieuwe Politiek,3,Lijst Nieuwe Politiek
Lijst Nieuw Nederland,3,Lijst Nieuw Nederland
Lijst Pim Fortuyn,3,Lijst Pim Fortuyn
LijstRatelband.nl,3,LijstRatelband.nl
Likoed,3,Likoed
Likoedpartij,3,Likoedpartij
Likoed-partij,3,Likoed-partij
Likud,3,Likud
Likud-partij,3,Likud-partij
Limburgs Dagblad,3,Limburgs Dagblad
Linda McCartney,3,Linda McCartney
Liquigas,3,Liquigas
Lire,3,Lire
Live,3,Live
Livingston,3,Livingston
LN,3,LN
LNP,3,LNP
LNV,3,LNV
Logica,3,Logica
Lokeren,3,Lokeren
Lokomotiv Charkiv,3,Lokomotiv Charkiv
Lokomotiv Moskou,3,Lokomotiv Moskou
Lommel,3,Lommel
Longa,3,Longa
Longa'59,3,Longa'59
Lord's Resistance Army,3,Lord's Resistance Army
Los Angeles,3,Los Angeles
Los Angeles Galaxy,3,Los Angeles Galaxy
Los Angeles Times,3,Los Angeles Times
LOT,3,LOT
Lotto,3,Lotto
Lovin ' Spoonful,3,Lovin ' Spoonful
Loya Jirga,3,Loya Jirga
LPF,3,LPF
LR,3,LR
LRA,3,LRA
LRC DIOK,3,LRC DIOK
LSD,3,LSD
LSE,3,LSE
LSG,3,LSG
LSVb,3,LSVb
LTO Nederland,3,LTO Nederland
LTO-Nederland,3,LTO-Nederland
Lucent,3,Lucent
Luchtmacht,3,Luchtmacht
Ludion,3,Ludion
Ludwig-Maximalians-universiteit,3,Ludwig-Maximalians-universiteit
Lufthansa,3,Lufthansa
Luis Barragán Foundation,3,Luis Barragán Foundation
Lukoil,3,Lukoil
Lumio Het Ravijn,3,Lumio Het Ravijn
L'Union des Bruxellois,3,L'Union des Bruxellois
Luxair,3,Luxair
LUXGSMLUXGSM,3,LUXGSMLUXGSM
LVMH-groep,3,LVMH-groep
LZ 1886,3,LZ 1886
Maccabi Haifa,3,Maccabi Haifa
MacDonalds,3,MacDonalds
Macintosh,3,Macintosh
Madredeus,3,Madredeus
Magazine nr.3,3,Magazine nr.3
Magazine nr. 3,3,Magazine nr. 3
Magnus,3,Magnus
Magnus Holding,3,Magnus Holding
Maï Maï,3,Maï Maï
Málaga,3,Málaga
Malatyaspor,3,Malatyaspor
Management Share,3,Management Share
Manchester City,3,Manchester City
Manchester United,3,Manchester United
Manchester Utd,3,Manchester Utd
Mannschaft,3,Mannschaft
Mapei,3,Mapei
Mapei-Quick-Step,3,Mapei-Quick-Step
Marechaussee,3,Marechaussee
Marine,3,Marine
Mariners,3,Mariners
Maritimo Funchal,3,Maritimo Funchal
Marnix Ring,3,Marnix Ring
MAS,3,MAS
MAS dienstverleners,3,MAS dienstverleners
Massachusetts Institute of Technology,3,Massachusetts Institute of Technology
Massive Attack,3,Massive Attack
Mattel,3,Mattel
Matthys Wijnimport,3,Matthys Wijnimport
Maverix Capital,3,Maverix Capital
Maxi Toys,3,Maxi Toys
Max / Nijmegen,3,Max / Nijmegen
McDonalds,3,McDonalds
McDonald's,3,McDonald's
Mc Gregor,3,Mc Gregor
MC Gregor,3,MC Gregor
McLaren,3,McLaren
McLaren-Mercedes,3,McLaren-Mercedes
ME,3,ME
Meat Loaf,3,Meat Loaf
Med2Rad,3,Med2Rad
Mededingingsautoriteit,3,Mededingingsautoriteit
Mediobanc,3,Mediobanc
Medivision,3,Medivision
Melchemie,3,Melchemie
Memory Card,3,Memory Card
Mendoza,3,Mendoza
Mercatone Uno,3,Mercatone Uno
Mercator,3,Mercator
Mercator & Noordstar Verzekeringen,3,Mercator & Noordstar Verzekeringen
Mercedes,3,Mercedes
Mercedes-Benz,3,Mercedes-Benz
Meretz,3,Meretz
Metallica,3,Metallica
Meteo Consult,3,Meteo Consult
Metis Varese,3,Metis Varese
Metro,3,Metro
Metterwoon,3,Metterwoon
MGM,3,MGM
MIBA,3,MIBA
Michelin,3,Michelin
Microsoft,3,Microsoft
MID,3,MID
Middlesbrough,3,Middlesbrough
Midnight Oil,3,Midnight Oil
Midtjyland,3,Midtjyland
Milan,3,Milan
MILF,3,MILF
Milieu,3,Milieu
Milieudefensie,3,Milieudefensie
Milieu-Offensief,3,Milieu-Offensief
Mille Collines,3,Mille Collines
Milwaukee Bucks,3,Milwaukee Bucks
Minardi,3,Minardi
Ministerie van de Vlaamse Gemeenschap,3,Ministerie van de Vlaamse Gemeenschap
Ministerraad,3,Ministerraad
Minnesota Twins,3,Minnesota Twins
Minolta,3,Minolta
MIT,3,MIT
Mitsubishi Heavy Industries,3,Mitsubishi Heavy Industries
MIVB,3,MIVB
MKB-Nederland,3,MKB-Nederland
MLB,3,MLB
MLC,3,MLC
Mlidost Zagreb,3,Mlidost Zagreb
MLS,3,MLS
Mobiele Eenheid,3,Mobiele Eenheid
Mobilcom,3,Mobilcom
Mobilkom Austria,3,Mobilkom Austria
Mobistar,3,Mobistar
Mobistar Corporate Solutions,3,Mobistar Corporate Solutions
Modalfa,3,Modalfa
Moeara Enim,3,Moeara Enim
Moederland Partij,3,Moederland Partij
Moeskroen,3,Moeskroen
Monetaire Zaken,3,Monetaire Zaken
Monitor Racisme,3,Monitor Racisme
Monsanto,3,Monsanto
Monster.ca,3,Monster.ca
Monster.com,3,Monster.com
Montpellier,3,Montpellier
Moolen,3,Moolen
Moreirense,3,Moreirense
Morgan Chase & Co,3,Morgan Chase & Co
Morgan Stanley,3,Morgan Stanley
Morgan Stanley Dean Witter,3,Morgan Stanley Dean Witter
Morkhoven,3,Morkhoven
Moslim Liga,3,Moslim Liga
Motherwell,3,Motherwell
MotoGP,3,MotoGP
Motor,3,Motor
Motorola,3,Motorola
Motorpsycho,3,Motorpsycho
Mount Everest / Donitas,3,Mount Everest / Donitas
Mövenpick,3,Mövenpick
Movielink,3,Movielink
MP3.com,3,MP3.com
MPC-Celeritudo,3,MPC-Celeritudo
MPC-Donar,3,MPC-Donar
MPCI,3,MPCI
MR,3,MR
Mr. Cocker HCAW,3,Mr. Cocker HCAW
M&S,3,M&S
MTV,3,MTV
Mugen,3,Mugen
MuHKA,3,MuHKA
Munt,3,Munt
Museum aan de Stroom,3,Museum aan de Stroom
MVV,3,MVV
NAC,3,NAC
Nacional,3,Nacional
Nacional Madeira,3,Nacional Madeira
Nacional Montevideo,3,Nacional Montevideo
Naeff,3,Naeff
Nagron,3,Nagron
NAK / Den Helder,3,NAK / Den Helder
NAM,3,NAM
Napoleon Bonbons,3,Napoleon Bonbons
Napster.com,3,Napster.com
NARC,3,NARC
Nasa,3,Nasa
Nationaal Instituut voor de Statistiek,3,Nationaal Instituut voor de Statistiek
Nationaal Italiaans Verkeersbureau,3,Nationaal Italiaans Verkeersbureau
National Boekarest,3,National Boekarest
Nationale Bank,3,Nationale Bank
Nationale Bank van België,3,Nationale Bank van België
Nationale Raad,3,Nationale Raad
Nationale Regenboogcoalitie,3,Nationale Regenboogcoalitie
Nationale Regenboog Coalitie,3,Nationale Regenboog Coalitie
Nationale Reserve,3,Nationale Reserve
Nationale Unie,3,Nationale Unie
Nationale Veiligheid,3,Nationale Veiligheid
Nationale Verzetsbeweging,3,Nationale Verzetsbeweging
National Institutes of Health,3,National Institutes of Health
Nature,3,Nature
Natuurmonumenten,3,Natuurmonumenten
Navo,3,Navo
NAVO,3,NAVO
NBA,3,NBA
NBB,3,NBB
NBC,3,NBC
NBLC,3,NBLC
NCD,3,NCD
NCMV,3,NCMV
NCRV,3,NCRV
N.E.A.,3,N.E.A.
NEC,3,NEC
Ned 1,3,Ned 1
NED 1,3,NED 1
Ned 2,3,Ned 2
Ned 3,3,Ned 3
NED 3,3,NED 3
Nedap,3,Nedap
Nedcon,3,Nedcon
Nedcon Groep,3,Nedcon Groep
Nederland 1,3,Nederland 1
Nederland 2,3,Nederland 2
Nederland 3,3,Nederland 3
Nederlands-Antilliaanse en Arubaanse Zaken,3,Nederlands-Antilliaanse en Arubaanse Zaken
Nederlandse Federatie voor de Cinematografie,3,Nederlandse Federatie voor de Cinematografie
Nederlandse Financierings Maatschappij voor Ontwikkelingslanden,3,Nederlandse Financierings Maatschappij voor Ontwikkelingslanden
Nederlandse Maatschappij tot Bevordering der Tandheelkunde,3,Nederlandse Maatschappij tot Bevordering der Tandheelkunde
Nederlandse Mededingingsautoriteit,3,Nederlandse Mededingingsautoriteit
Nederlandse Omroepstichting,3,Nederlandse Omroepstichting
Nederlandse Spoorwegen,3,Nederlandse Spoorwegen
Nederlandse Vereniging van Banken,3,Nederlandse Vereniging van Banken
Nederlandse Vereniging van Makelaars,3,Nederlandse Vereniging van Makelaars
Nederlandse Vereniging van Strafadvocaten,3,Nederlandse Vereniging van Strafadvocaten
Nederlandse Vereniging voor Vrijwillige Euthanasie,3,Nederlandse Vereniging voor Vrijwillige Euthanasie
Nederlands Filmfonds,3,Nederlands Filmfonds
Nederlands Forensisch Instituut,3,Nederlands Forensisch Instituut
Nederlands Instituut voor Brandweer en Rampenbestrijding,3,Nederlands Instituut voor Brandweer en Rampenbestrijding
Nederlands Instituut voor Budgetvoorlichting,3,Nederlands Instituut voor Budgetvoorlichting
Nederlands Instituut voor Oorlogsdocumentatie,3,Nederlands Instituut voor Oorlogsdocumentatie
Nederlands Juristenblad,3,Nederlands Juristenblad
Nedlloyd,3,Nedlloyd
NedLloyd,3,NedLloyd
Nedloyd,3,Nedloyd
Nedschroef,3,Nedschroef
Nestle,3,Nestle
Net 5,3,Net 5
Netscape Netcenter,3,Netscape Netcenter
Neutelings-Riedijk,3,Neutelings-Riedijk
Neways,3,Neways
Neways Electronics,3,Neways Electronics
Newcastle United,3,Newcastle United
Newconomy,3,Newconomy
New England Patriots,3,New England Patriots
New England Revolution,3,New England Revolution
New Jersey Nets,3,New Jersey Nets
New Skies Satellite,3,New Skies Satellite
Newsweek,3,Newsweek
New York School of Visual Arts,3,New York School of Visual Arts
New York Times,3,New York Times
New York Yankees,3,New York Yankees
NFI,3,NFI
NFL,3,NFL
NH Hoteles,3,NH Hoteles
Nibra,3,Nibra
NIBUD,3,NIBUD
Nicc,3,Nicc
Nieuw Buinen,3,Nieuw Buinen
Nieuwe Communistische Partij,3,Nieuwe Communistische Partij
Nieuwe Revu,3,Nieuwe Revu
Nieuwe steen,3,Nieuwe steen
Nieuw Nederland,3,Nieuw Nederland
Nieuw-Vlaamse Alliantie,3,Nieuw-Vlaamse Alliantie
Nieuw West,3,Nieuw West
NIH,3,NIH
Nike,3,Nike
Nintendo,3,Nintendo
NIOD,3,NIOD
Nipo,3,Nipo
NIPO,3,NIPO
Nirvana,3,Nirvana
NIS,3,NIS
Nissan,3,Nissan
NK Varteks,3,NK Varteks
NmA,3,NmA
NMa,3,NMa
NMBS,3,NMBS
NMKN,3,NMKN
NMT,3,NMT
Nobelcomite,3,Nobelcomite
NOC,3,NOC
NOC*NSF,3,NOC*NSF
Nokia,3,Nokia
Noordhollands Dagblad,3,Noordhollands Dagblad
Noordstar,3,Noordstar
Noordzee FM,3,Noordzee FM
Norbertijnen,3,Norbertijnen
Normaal,3,Normaal
NOS,3,NOS
NOS-uitzending,3,NOS-uitzending
Nour,3,Nour
Novastar,3,Novastar
Novib,3,Novib
Novib / Oxfam International,3,Novib / Oxfam International
NPCF,3,NPCF
NPM,3,NPM
NPS,3,NPS
NRC,3,NRC
NRC Handelsblad,3,NRC Handelsblad
NRC HANDELSBLAD,3,NRC HANDELSBLAD
NRM,3,NRM
NS,3,NS
NSF,3,NSF
NS Reizigers,3,NS Reizigers
NSS,3,NSS
NTB,3,NTB
NTL,3,NTL
NTT,3,NTT
NTV,3,NTV
Nu'91,3,Nu'91
Numico,3,Numico
Nu.nl,3,Nu.nl
Nu. nl,3,Nu. nl
NUON,3,NUON
Nürnberg,3,Nürnberg
Nutreco,3,Nutreco
N-VA,3,N-VA
NV-A,3,NV-A
NVB,3,NVB
NVLT,3,NVLT
NVM,3,NVM
NVSH,3,NVSH
NVVE,3,NVVE
Nyloplast,3,Nyloplast
NY Times,3,NY Times
O2,3,O2
Oakland Athletics,3,Oakland Athletics
OAS,3,OAS
Oce,3,Oce
Océ,3,Océ
ociale Verzekeringsbank,3,ociale Verzekeringsbank
OCMW,3,OCMW
Octurn,3,Octurn
OCW,3,OCW
Oegandees Volkscongres,3,Oegandees Volkscongres
Oeso,3,Oeso
OESO,3,OESO
Offermans Joosten,3,Offermans Joosten
Offspring,3,Offspring
Ogyen Kunzang Chöling (OKC)-beweging,3,Ogyen Kunzang Chöling (OKC)-beweging
OHM,3,OHM
OHRA,3,OHRA
OJC Rosmalen,3,OJC Rosmalen
OKC,3,OKC
OKC-beweging,3,OKC-beweging
Olimpia Asuncion,3,Olimpia Asuncion
Olivetti,3,Olivetti
Olympia,3,Olympia
Olympiakos,3,Olympiakos
Olympiakos Piraeus,3,Olympiakos Piraeus
Olympique Lyon,3,Olympique Lyon
OM,3,OM
Omega Pharma,3,Omega Pharma
Omniworld,3,Omniworld
Omroep Brabant,3,Omroep Brabant
Omroep Flevoland,3,Omroep Flevoland
OM Zuid-Holland Zuid,3,OM Zuid-Holland Zuid
Once,3,Once
ONCE,3,ONCE
Onderwijs,3,Onderwijs
Onderwijs Blues,3,Onderwijs Blues
Onderwijs,3,Onderwijs
Onderwijs Cultuur en Wetenschappen,3,Onderwijs Cultuur en Wetenschappen
Onderzoeksraad voor veiligheid,3,Onderzoeksraad voor veiligheid
Ontex,3,Ontex
Ontwikkelingshulp,3,Ontwikkelingshulp
Ontwikkelingssamenwerking,3,Ontwikkelingssamenwerking
Ontwikkelingszaken,3,Ontwikkelingszaken
Onze Taal,3,Onze Taal
O&O,3,O&O
O O Den Haag,3,O O Den Haag
Oostpriesterhulp,3,Oostpriesterhulp
Opec,3,Opec
OPEC,3,OPEC
Opel,3,Opel
Openbaar Ministerie,3,Openbaar Ministerie
Open Line-V&L,3,Open Line-V&L
Openluchtmuseum Middelheim,3,Openluchtmuseum Middelheim
OpenTV,3,OpenTV
OPG,3,OPG
OPG Groep,3,OPG Groep
Opus Dei,3,Opus Dei
Oracle,3,Oracle
Oranje,3,Oranje
Oranje Zwart,3,Oranje Zwart
Orao,3,Orao
Ordina,3,Ordina
Organisatie van Afrikaanse Eenheid,3,Organisatie van Afrikaanse Eenheid
Organisatie van Amerikaanse Staten,3,Organisatie van Amerikaanse Staten
Organisatie voor Afrikaanse Eenheid,3,Organisatie voor Afrikaanse Eenheid
Organisatie voor Economische Samenwerking en Ontwikkeling,3,Organisatie voor Economische Samenwerking en Ontwikkeling
Organisatie voor Veiligheid en Samenwerking in Europa,3,Organisatie voor Veiligheid en Samenwerking in Europa
Organon,3,Organon
Orion,3,Orion
Orkelljugna,3,Orkelljugna
Orlando Magic,3,Orlando Magic
Ortec Nesselande,3,Ortec Nesselande
Ortec / Nesselande,3,Ortec / Nesselande
OS,3,OS
Osasuna,3,Osasuna
OSD,3,OSD
OSF,3,OSF
Oslo Philharmonisch Orkest,3,Oslo Philharmonisch Orkest
Ostend Airport,3,Ostend Airport
Ouders Online,3,Ouders Online
Ovam,3,Ovam
OVP,3,OVP
ÖVP,3,ÖVP
OVSE,3,OVSE
Ovv,3,Ovv
Oxfam,3,Oxfam
OZ&PC / Piranha,3,OZ&PC / Piranha
Paars 1,3,Paars 1
Paars 2,3,Paars 2
Paars I,3,Paars I
Paars II,3,Paars II
Pacers,3,Pacers
Pacos Ferreira,3,Pacos Ferreira
Palestijnse Autoriteit,3,Palestijnse Autoriteit
Panathinaikos,3,Panathinaikos
Pancratius,3,Pancratius
Pandora,3,Pandora
Panellionios Athene,3,Panellionios Athene
Panini,3,Panini
Panorama,3,Panorama
PAOK Saloniki,3,PAOK Saloniki
PAP,3,PAP
Paribas,3,Paribas
Paris FC,3,Paris FC
Paris SG,3,Paris SG
Paris St. Germain,3,Paris St. Germain
Parlementaire enquetecommissie Srebrenica,3,Parlementaire enquetecommissie Srebrenica
Parlementaire Enquetecommissie Srebrenica,3,Parlementaire Enquetecommissie Srebrenica
Parool,3,Parool
Partick Thistle,3,Partick Thistle
Partij van de Arbeid,3,Partij van de Arbeid
Partij van de Toekomst,3,Partij van de Toekomst
Partij voor de Dieren,3,Partij voor de Dieren
Partij voor Gerechtigheid en Ontwikkeling,3,Partij voor Gerechtigheid en Ontwikkeling
Parys Media,3,Parys Media
Passe Partout,3,Passe Partout
Pauwels Trafo,3,Pauwels Trafo
PBC,3,PBC
PCM,3,PCM
PCMS,3,PCMS
PCS Boedapest,3,PCS Boedapest
PDC,3,PDC
PDS,3,PDS
Pearl Jam,3,Pearl Jam
Pechiney,3,Pechiney
Pegasus,3,Pegasus
Pehlivan Amsterdam,3,Pehlivan Amsterdam
Pensioenen,3,Pensioenen
Pensioen- en Verzekeringskamer,3,Pensioen- en Verzekeringskamer
Pentagon,3,Pentagon
Penthouse,3,Penthouse
Peppi en Kokki,3,Peppi en Kokki
Perik Jumpers,3,Perik Jumpers
Persgroep,3,Persgroep
Perugia,3,Perugia
PETA,3,PETA
Petrofina,3,Petrofina
Petroplus,3,Petroplus
Petroplus International,3,Petroplus International
Peugeot,3,Peugeot
Pfizer,3,Pfizer
PGA,3,PGA
Pharming,3,Pharming
Pharming Group,3,Pharming Group
Philip Morris,3,Philip Morris
Philips,3,Philips
Philips Contract Manufacturing Services,3,Philips Contract Manufacturing Services
Philips Hasselt,3,Philips Hasselt
Phonak,3,Phonak
Piacenza,3,Piacenza
Pink Floyd,3,Pink Floyd
PinkRoccade,3,PinkRoccade
Pink Valle,3,Pink Valle
Pinoke,3,Pinoke
Pirelli,3,Pirelli
Pittsburg Symphony Orchestra,3,Pittsburg Symphony Orchestra
Pixies,3,Pixies
PKC,3,PKC
PKC / Cafe Bar,3,PKC / Cafe Bar
PKK,3,PKK
Planet,3,Planet
Planet Internet,3,Planet Internet
Planet Media,3,Planet Media
Planet Media Groep,3,Planet Media Groep
Plastic Omnium,3,Plastic Omnium
Platform tegen de Nieuwe Oorlog,3,Platform tegen de Nieuwe Oorlog
Playboy,3,Playboy
P-Magazine,3,P-Magazine
Poëziecentrum,3,Poëziecentrum
Polar Bears,3,Polar Bears
Politieke Vereniging ' Nieuw Nederland ',3,Politieke Vereniging ' Nieuw Nederland '
Pollux,3,Pollux
Polti,3,Polti
Polynorm,3,Polynorm
Pommery,3,Pommery
Pompadour,3,Pompadour
Porceleyne Fles,3,Porceleyne Fles
Porsche,3,Porsche
Porto,3,Porto
Portugal Telecom,3,Portugal Telecom
Portuguesa,3,Portuguesa
Post,3,Post
Power Wevelgem,3,Power Wevelgem
PPP,3,PPP
Prada,3,Prada
Presidium,3,Presidium
Preston North End,3,Preston North End
Preussag,3,Preussag
Pricma,3,Pricma
Prins Claus Fonds,3,Prins Claus Fonds
Priority Telecom,3,Priority Telecom
Prive,3,Prive
PRL,3,PRL
PRL-FDF,3,PRL-FDF
PRL/FDF,3,PRL/FDF
Probuild Lions,3,Probuild Lions
Procol Harum,3,Procol Harum
Productschap Granen,3,Productschap Granen
Productschap GZP,3,Productschap GZP
Productschappen Vee,3,Productschappen Vee
Productschappen Vee,3,Productschappen Vee
Productschap Tuinbouw,3,Productschap Tuinbouw
Professional Darts Corporation,3,Professional Darts Corporation
Prolion,3,Prolion
ProRail,3,ProRail
Providence,3,Providence
Provinciaal Integratiecentum Antwerpen,3,Provinciaal Integratiecentum Antwerpen
Provinciale Prijs,3,Provinciale Prijs
Proximus,3,Proximus
PS,3,PS
PSC,3,PSC
PSO,3,PSO
PSV,3,PSV
PTI,3,PTI
Publieke Omroep,3,Publieke Omroep
Publieke Zaak,3,Publieke Zaak
Publiekstheater,3,Publiekstheater
Puchov,3,Puchov
Pulp en co,3,Pulp en co
PvdA,3,PvdA
PVDA,3,PVDA
PVE,3,PVE
PVK,3,PVK
PVV,3,PVV
Pype Ramen,3,Pype Ramen
PZ / Dynamo,3,PZ / Dynamo
Q8,3,Q8
Qantas,3,Qantas
Quatro Bree,3,Quatro Bree
Queen,3,Queen
Querido,3,Querido
Quest International,3,Quest International
Quick,3,Quick
Quick'20,3,Quick'20
Quick Boys,3,Quick Boys
Quick Hg,3,Quick Hg
Quick-Step,3,Quick-Step
Quintus,3,Quintus
QuizPeople,3,QuizPeople
QuizPeople.com,3,QuizPeople.com
Quote,3,Quote
Raad,3,Raad
Raad Landelijk Gebied,3,Raad Landelijk Gebied
Raad van Commissarissen,3,Raad van Commissarissen
Raad van de Europese Unie,3,Raad van de Europese Unie
Raad van Hoofdcommissarissen,3,Raad van Hoofdcommissarissen
Raad van Ministers,3,Raad van Ministers
Raad van Moskeeen,3,Raad van Moskeeen
Raad van State,3,Raad van State
Raad van Toezicht,3,Raad van Toezicht
Raad voor de Kinderbescherming,3,Raad voor de Kinderbescherming
Raad voor de Mededinging,3,Raad voor de Mededinging
Raad voor de Rechtsbijstand,3,Raad voor de Rechtsbijstand
Raad voor de Rechtspraak,3,Raad voor de Rechtspraak
Raad voor de Transportveiligheid,3,Raad voor de Transportveiligheid
Raad voor de Volksgezondheid,3,Raad voor de Volksgezondheid
Raad voor de Volksgezondheid en Zorg,3,Raad voor de Volksgezondheid en Zorg
Raad voor het Verbruik,3,Raad voor het Verbruik
Raad voor Verkeer en Waterstaat,3,Raad voor Verkeer en Waterstaat
RAAK,3,RAAK
RaamTeater,3,RaamTeater
Rabo,3,Rabo
Rabobank,3,Rabobank
Rabotnicki Fersped,3,Rabotnicki Fersped
Racing Antwerpen,3,Racing Antwerpen
Racing Genk,3,Racing Genk
Radical Faeries,3,Radical Faeries
Radio 1,3,Radio 1
RADIO 1,3,RADIO 1
Radio 2,3,Radio 2
Radio 3,3,Radio 3
Radio 3FM,3,Radio 3FM
Radio 5,3,Radio 5
Radio 538,3,Radio 538
Radio Donna,3,Radio Donna
Radio Echo,3,Radio Echo
Radiohead,3,Radiohead
Radio Israel,3,Radio Israel
Radio Mango,3,Radio Mango
Radio Mille Collines,3,Radio Mille Collines
Radio Noordzee,3,Radio Noordzee
Radio Select,3,Radio Select
Radio Television libre des Mille Collines,3,Radio Television libre des Mille Collines
Radio Twee,3,Radio Twee
Radio Veronica,3,Radio Veronica
Radio Vlaanderen Internationaal,3,Radio Vlaanderen Internationaal
Rael,3,Rael
Raël,3,Raël
RAF,3,RAF
Rage Against The Machine,3,Rage Against The Machine
Raggers,3,Raggers
Raggers Thamen,3,Raggers Thamen
Railinfrabeheer,3,Railinfrabeheer
Railverkeersleiding,3,Railverkeersleiding
Ramon Ayala y sus bravos del norte,3,Ramon Ayala y sus bravos del norte
Randstad,3,Randstad
RandstadRail,3,RandstadRail
Rangers,3,Rangers
Raoni,3,Raoni
Rapid Boekarast,3,Rapid Boekarast
Rapid Boekarest,3,Rapid Boekarest
Ray of Hope,3,Ray of Hope
Rayo Vallecano,3,Rayo Vallecano
RBC,3,RBC
RBC Roos'daal,3,RBC Roos'daal
RBC Roosendaal,3,RBC Roosendaal
R. Boekarest,3,R. Boekarest
RCA,3,RCA
RC Bassets,3,RC Bassets
RC / Bekaro,3,RC / Bekaro
RCD,3,RCD
RC Genk,3,RC Genk
RC Hilversum,3,RC Hilversum
RC Lens,3,RC Lens
RC 't Gooi,3,RC 't Gooi
RDM,3,RDM
Readymix Belgium,3,Readymix Belgium
Real,3,Real
Real Betis,3,Real Betis
Real Madrid,3,Real Madrid
Real Mallorca,3,Real Mallorca
Real Sociedad,3,Real Sociedad
Real Union de Irun,3,Real Union de Irun
Real Valladolid,3,Real Valladolid
Reclame Code Commissie,3,Reclame Code Commissie
Recording Industry Association of America,3,Recording Industry Association of America
Recreativo Huelva,3,Recreativo Huelva
RedaTtacK,3,RedaTtacK
Red hot chili peppers,3,Red hot chili peppers
Red Hot Chili Peppers,3,Red Hot Chili Peppers
Red Star,3,Red Star
Red Stars,3,Red Stars
Red Zebra,3,Red Zebra
Reed,3,Reed
Reed Elsevier,3,Reed Elsevier
Reesink,3,Reesink
regering-Sharon,3,regering-Sharon
Reggina,3,Reggina
Rekenhof,3,Rekenhof
Rekenkamer,3,Rekenkamer
Relesa Galvame,3,Relesa Galvame
Religieuze Zaken,3,Religieuze Zaken
R.E.M.,3,R.E.M.
Remu,3,Remu
Remy,3,Remy
Renault,3,Renault
Rendac,3,Rendac
Reporters,3,Reporters
Republikeinen,3,Republikeinen
Residentie Orkest,3,Residentie Orkest
Resist,3,Resist
RET,3,RET
Reuters,3,Reuters
Revolutionaire Commandoraad,3,Revolutionaire Commandoraad
RIAA,3,RIAA
Ricoh Astronauts,3,Ricoh Astronauts
Rietveld Academie,3,Rietveld Academie
Riga 2000,3,Riga 2000
Rijk,3,Rijk
Rijksdienst voor de keuring van Vee en Vlees,3,Rijksdienst voor de keuring van Vee en Vlees
Rijksinstituut voor Oorlogsdocumentatie,3,Rijksinstituut voor Oorlogsdocumentatie
Rijksinstituut voor Volksgezondheid en Milieu,3,Rijksinstituut voor Volksgezondheid en Milieu
Rijksvoorlichtingsdienst,3,Rijksvoorlichtingsdienst
Rijkswaterstaat,3,Rijkswaterstaat
Rijnsburgse Boys,3,Rijnsburgse Boys
Risc,3,Risc
Risc Technology,3,Risc Technology
RIVM,3,RIVM
RKC,3,RKC
RKC Waalwijk,3,RKC Waalwijk
RKHVV,3,RKHVV
RK-kerk,3,RK-kerk
RNW,3,RNW
Robbrecht-Daem,3,Robbrecht-Daem
Robeco,3,Robeco
ROC Amsterdam,3,ROC Amsterdam
ROC Midden-Brabant,3,ROC Midden-Brabant
Roda,3,Roda
Roda JC,3,Roda JC
Rodamco Europe,3,Rodamco Europe
Rode Brigade,3,Rode Brigade
Rode Duivels,3,Rode Duivels
Rode Khmer,3,Rode Khmer
Rode Kruis,3,Rode Kruis
Rolling Stones,3,Rolling Stones
Ronduit N-VA,3,Ronduit N-VA
Rood Testhouse,3,Rood Testhouse
Rood & Wit,3,Rood & Wit
Rooms-Katholieke Kerk,3,Rooms-Katholieke Kerk
Rosenborg,3,Rosenborg
Rosenborg BK,3,Rosenborg BK
Ross County,3,Ross County
Roto Smeets de Boer,3,Roto Smeets de Boer
Roto Smeets De Boer,3,Roto Smeets De Boer
Roularta,3,Roularta
Rover,3,Rover
Royal Air Force,3,Royal Air Force
Royal Dutch,3,Royal Dutch
Royal Pepinster,3,Royal Pepinster
RPF,3,RPF
RRC / Sunergy,3,RRC / Sunergy
RTBF,3,RTBF
RTBF 1,3,RTBF 1
RTL,3,RTL
RTL4,3,RTL4
RTL 4,3,RTL 4
RTL5,3,RTL5
RTL 5,3,RTL 5
RTLM,3,RTLM
RTL-TVI,3,RTL-TVI
RTV Utrecht,3,RTV Utrecht
Ruben & Nathan,3,Ruben & Nathan
Ruijters / Geleen,3,Ruijters / Geleen
Ruimtelijke Ordening,3,Ruimtelijke Ordening
Run DMC,3,Run DMC
Run-DMC,3,Run-DMC
Rutac,3,Rutac
RVA,3,RVA
RVD,3,RVD
RvS,3,RvS
RVU,3,RVU
RVZ,3,RVZ
Rwanda-tribunaal,3,Rwanda-tribunaal
RWE,3,RWE
Ryanair,3,Ryanair
Saab,3,Saab
Sabah,3,Sabah
Sabena,3,Sabena
SABENA,3,SABENA
Saeco,3,Saeco
Safety Holland,3,Safety Holland
Safeway,3,Safeway
Sagem,3,Sagem
Sainsbury,3,Sainsbury
Sait,3,Sait
SAIT,3,SAIT
SAIT-Radio Holland,3,SAIT-Radio Holland
SAIT-Stento,3,SAIT-Stento
Saks Fifth Avenue,3,Saks Fifth Avenue
Salamanders,3,Salamanders
Samas Groep,3,Samas Groep
Samas Group,3,Samas Group
Samenwerkende Hulporganisaties,3,Samenwerkende Hulporganisaties
Sampdoria,3,Sampdoria
Samsumg,3,Samsumg
Samsung,3,Samsung
Samsung Chemicals,3,Samsung Chemicals
Samsunspor,3,Samsunspor
San Francisco Giants,3,San Francisco Giants
Sanoma Magazines,3,Sanoma Magazines
Santa Clara,3,Santa Clara
Sao Caetano,3,Sao Caetano
Sara Lee,3,Sara Lee
Sartid Zmerderevo,3,Sartid Zmerderevo
Sarto,3,Sarto
Saudi Arabian Airlines,3,Saudi Arabian Airlines
SBO,3,SBO
SBS,3,SBS
SBS6,3,SBS6
SBS 6,3,SBS 6
SBS Broadcasting,3,SBS Broadcasting
SBS-groep,3,SBS-groep
Scala,3,Scala
Scala Business,3,Scala Business
Scanfil,3,Scanfil
Scarlet,3,Scarlet
Scarlet Telecom,3,Scarlet Telecom
SCC Berlin,3,SCC Berlin
SC Genemuiden,3,SC Genemuiden
Schalke,3,Schalke
Schalke 04,3,Schalke 04
SCHC,3,SCHC
sc Heerenveen,3,sc Heerenveen
SC Heerenveen,3,SC Heerenveen
Schipper / Martinus,3,Schipper / Martinus
Schöne Edelmetaal BV,3,Schöne Edelmetaal BV
Schuitema,3,Schuitema
Schwäbisches Tageblatt,3,Schwäbisches Tageblatt
Science,3,Science
Scoot,3,Scoot
Scotland Yard,3,Scotland Yard
Scylla,3,Scylla
SC Zevenaar,3,SC Zevenaar
SDA,3,SDA
SDC Putten,3,SDC Putten
SDKU,3,SDKU
SDP,3,SDP
Seagull,3,Seagull
Seattle SuperSonics,3,Seattle SuperSonics
Secret Police,3,Secret Police
Sedan,3,Sedan
S. E. Fireworks,3,S. E. Fireworks
S.E. Fireworks,3,S.E. Fireworks
SE Fireworks,3,SE Fireworks
Segersbetter technology,3,Segersbetter technology
Seghersbetter technology,3,Seghersbetter technology
Seghers Better Technology,3,Seghers Better Technology
Seghers Water,3,Seghers Water
Senaat,3,Senaat
SER,3,SER
Servette,3,Servette
Service National,3,Service National
Servische Radicale Partij,3,Servische Radicale Partij
SEW,3,SEW
SFOR,3,SFOR
SFR,3,SFR
SGP,3,SGP
Shady Records,3,Shady Records
Sharman Networks,3,Sharman Networks
Shas,3,Shas
Shell,3,Shell
Shelter,3,Shelter
Shinui,3,Shinui
Shinui-partij,3,Shinui-partij
SHO,3,SHO
Shooters,3,Shooters
Sidel,3,Sidel
Sidmar,3,Sidmar
Siebe,3,Siebe
Siemens Belux,3,Siemens Belux
Siemens Mobile,3,Siemens Mobile
Simac,3,Simac
Simon & Garfunkel,3,Simon & Garfunkel
Simon Wiesenthal Centrum,3,Simon Wiesenthal Centrum
Simple Minds,3,Simple Minds
Simson Landgraaf,3,Simson Landgraaf
Sinn Fein,3,Sinn Fein
Sint-Barbaracollege,3,Sint-Barbaracollege
Sint-Lukas,3,Sint-Lukas
Sint-Lukasinstituut,3,Sint-Lukasinstituut
Sint Truiden,3,Sint Truiden
Sint-Truiden,3,Sint-Truiden
Sipri,3,Sipri
Sire,3,Sire
Sisters Of Mercy,3,Sisters Of Mercy
Sithe,3,Sithe
Sittardia,3,Sittardia
SK Beveren,3,SK Beveren
Skik,3,Skik
SK Lierse,3,SK Lierse
SK Lokeren,3,SK Lokeren
SK Lommel,3,SK Lommel
Skrien,3,Skrien
Skyshops,3,Skyshops
Sky Shops,3,Sky Shops
Slavia Bratislava,3,Slavia Bratislava
Slavia Praag,3,Slavia Praag
Slavneft,3,Slavneft
Slegte,3,Slegte
Sliedrecht Sport,3,Sliedrecht Sport
Sligro,3,Sligro
Sloan Helicopters Ltd.,3,Sloan Helicopters Ltd.
SLUC Basket Nancy,3,SLUC Basket Nancy
Smashing Pumpkins,3,Smashing Pumpkins
Smer,3,Smer
Smit,3,Smit
Smit Internationale,3,Smit Internationale
SNBA,3,SNBA
SN Brussels,3,SN Brussels
SN Brussels Airlines,3,SN Brussels Airlines
Snow Brand Milk Products,3,Snow Brand Milk Products
SNT,3,SNT
SNT Group,3,SNT Group
Sobelair,3,Sobelair
Sochaux,3,Sochaux
Sociaal Cultureel Planbureau,3,Sociaal Cultureel Planbureau
Sociaal Economische Raad,3,Sociaal Economische Raad
Sociaal en Cultureel Planbureau,3,Sociaal en Cultureel Planbureau
Social Democratic Party,3,Social Democratic Party
Sociale Zaken,3,Sociale Zaken
Sociale Zaken en Werkgelegenheid,3,Sociale Zaken en Werkgelegenheid
Socialistische Partij,3,Socialistische Partij
Sociedad,3,Sociedad
Société du Tour de France,3,Société du Tour de France
Societe Generale,3,Societe Generale
Socutera,3,Socutera
Sofitex,3,Sofitex
Sognal,3,Sognal
Solidair '93,3,Solidair '93
Soluna Olympia,3,Soluna Olympia
Solutia,3,Solutia
Solvay,3,Solvay
Solvus,3,Solvus
Sony,3,Sony
Sopheon,3,Sopheon
Sorbonne,3,Sorbonne
S. O. S. Papa,3,S. O. S. Papa
S.O.S.Papa,3,S.O.S.Papa
Sotheby's,3,Sotheby's
Soulwax,3,Soulwax
Southampton,3,Southampton
So Watt,3,So Watt
SP,3,SP
SP.A,3,SP.A
SpaarAdvies,3,SpaarAdvies
SpaarSelect,3,SpaarSelect
Spaar Select,3,Spaar Select
Spaar Select-team,3,Spaar Select-team
Sparks,3,Sparks
Sparta,3,Sparta
Spartaan,3,Spartaan
Spartak,3,Spartak
Spartak Moskou,3,Spartak Moskou
Sparta Praag,3,Sparta Praag
SPD,3,SPD
SPE,3,SPE
Special Operations Executive,3,Special Operations Executive
Spherion / Robben,3,Spherion / Robben
Sphinx,3,Sphinx
Spirit,3,Spirit
Spoorwegen,3,Spoorwegen
Sport,3,Sport
Sporting,3,Sporting
Sporting Braga,3,Sporting Braga
Sporting Portugal,3,Sporting Portugal
Sportploeg van het Jaar,3,Sportploeg van het Jaar
Springer-concern,3,Springer-concern
Spurs,3,Spurs
Squadra Azzurra,3,Squadra Azzurra
SS,3,SS
Staat,3,Staat
Staat der Nederlanden,3,Staat der Nederlanden
Staatsblad,3,Staatsblad
Staatsloterij,3,Staatsloterij
Staatsveiligheid,3,Staatsveiligheid
Stabaek,3,Stabaek
Stade Rennes,3,Stade Rennes
Stadsdeel Centrum,3,Stadsdeel Centrum
Stage Holding,3,Stage Holding
STAN,3,STAN
Standard,3,Standard
Standard Luik,3,Standard Luik
Star Alliance,3,Star Alliance
Startupfailures,3,Startupfailures
Startupfailures.com,3,Startupfailures.com
State Department,3,State Department
Staten Generaal,3,Staten Generaal
Status Quo,3,Status Quo
Steaua,3,Steaua
Stellenbosch,3,Stellenbosch
Sterilgarda,3,Sterilgarda
Stern,3,Stern
Stevo,3,Stevo
Stichting Beeldrecht,3,Stichting Beeldrecht
Stichting De Kringen,3,Stichting De Kringen
Stichting Halt,3,Stichting Halt
Stichting Help Vandalisme Afbreken,3,Stichting Help Vandalisme Afbreken
Stichting Ideele Reclame,3,Stichting Ideele Reclame
Stichting Jeugdzorg,3,Stichting Jeugdzorg
Stichting Leaseverlies,3,Stichting Leaseverlies
Stichting Meld Geweld,3,Stichting Meld Geweld
Stichting Natuur en Milieu,3,Stichting Natuur en Milieu
Stichting Onderzoek MKZ,3,Stichting Onderzoek MKZ
Stichting Praemium Erasmianum,3,Stichting Praemium Erasmianum
Stichting Tolerance Unlimited,3,Stichting Tolerance Unlimited
Stichting Werkgroep Orpheus,3,Stichting Werkgroep Orpheus
Stiga,3,Stiga
STK Duga Resa,3,STK Duga Resa
St. Louis Cardin,3,St. Louis Cardin
St. Louis Cardinals,3,St. Louis Cardinals
Stones,3,Stones
Stop de Oorlog,3,Stop de Oorlog
Stork,3,Stork
Storm / Telst .,3,Storm / Telst .
Stormvogels,3,Stormvogels
Stormvogels / Telstar,3,Stormvogels / Telstar
Stormvogels-Telstar,3,Stormvogels-Telstar
Stormv. / Telstar,3,Stormv. / Telstar
Strafhof,3,Strafhof
Strasbourg,3,Strasbourg
Stretch Top Bree,3,Stretch Top Bree
St. Truiden,3,St. Truiden
Studio Brussel,3,Studio Brussel
Studio-Brussel,3,Studio-Brussel
Sturm Graz,3,Sturm Graz
Stuttgarter Kickers,3,Stuttgarter Kickers
STVV,3,STVV
Süddeutsche,3,Süddeutsche
Süddeutsche Zeitung,3,Süddeutsche Zeitung
Sudosa,3,Sudosa
Sud Presse,3,Sud Presse
Sugar Hill Gang,3,Sugar Hill Gang
Suhrkamp,3,Suhrkamp
Sunday Times,3,Sunday Times
Sunderland,3,Sunderland
Superclub,3,Superclub
Supertramp,3,Supertramp
Sussex CCC,3,Sussex CCC
Suva,3,Suva
SVB,3,SVB
SV Babberich H,3,SV Babberich H
SV Delden,3,SV Delden
SV Lvjvska Politechnika,3,SV Lvjvska Politechnika
S / VM,3,S / VM
SV Meerssen,3,SV Meerssen
SVS Kuoni Wien,3,SVS Kuoni Wien
sv Zwolle,3,sv Zwolle
SWC,3,SWC
Swiss,3,Swiss
Swissair,3,Swissair
Swiss Life,3,Swiss Life
Sydney Herald,3,Sydney Herald
Synodale Katholieken België,3,Synodale Katholieken België
SZW,3,SZW
Taalwegwijzer,3,Taalwegwijzer
Tageszeitung,3,Tageszeitung
Taliban,3,Taliban
Tamiltijgers,3,Tamiltijgers
Tamil Tijgers,3,Tamil Tijgers
Taxi-stop,3,Taxi-stop
TCS Amsterdam,3,TCS Amsterdam
Team Cologne,3,Team Cologne
Team-Radin,3,Team-Radin
TEC,3,TEC
Technical Services,3,Technical Services
Technische Universiteit,3,Technische Universiteit
Technische Universiteit Delft,3,Technische Universiteit Delft
Tee Set,3,Tee Set
Tel Aviv Universiteit,3,Tel Aviv Universiteit
Teleac,3,Teleac
Télé Bruxelles,3,Télé Bruxelles
Telecom Italia,3,Telecom Italia
Telecommunicatie,3,Telecommunicatie
Telecom Serbia,3,Telecom Serbia
Telefonica,3,Telefonica
Telegraaf,3,Telegraaf
Telekom,3,Telekom
Telekurs,3,Telekurs
Telenet,3,Telenet
Telepact,3,Telepact
Teletekst,3,Teletekst
Teletekst Ondertiteling,3,Teletekst Ondertiteling
Telfort,3,Telfort
Telinfo,3,Telinfo
Tel Sell,3,Tel Sell
Telstar,3,Telstar
Ten Cate,3,Ten Cate
Tennet,3,Tennet
Ter Leede,3,Ter Leede
Terre des Hommes,3,Terre des Hommes
Tessenderlo Chemie,3,Tessenderlo Chemie
Test-Aankoop,3,Test-Aankoop
Tetra Laval,3,Tetra Laval
Texaco,3,Texaco
Texas,3,Texas
Textiel Twenthe,3,Textiel Twenthe
TF1,3,TF1
Thales,3,Thales
Theater Zuidpool,3,Theater Zuidpool
The Attractions,3,The Attractions
The Bee Gees,3,The Bee Gees
The Blues Brothers Band,3,The Blues Brothers Band
The Cardigans,3,The Cardigans
The Clash,3,The Clash
The Coca-Cola Company,3,The Coca-Cola Company
The Cousins,3,The Cousins
The Doors,3,The Doors
The Eagles,3,The Eagles
The Economist,3,The Economist
The Flying Dewaele Brothers,3,The Flying Dewaele Brothers
The Guardian,3,The Guardian
The Independent on Sunday,3,The Independent on Sunday
The Jakarta Post,3,The Jakarta Post
The Lancet,3,The Lancet
The London SS,3,The London SS
The New York Times,3,The New York Times
Theo en Thea,3,Theo en Thea
The Police,3,The Police
Therapy ?,3,Therapy ?
The Scene,3,The Scene
The Scotsman,3,The Scotsman
The Sunday Times,3,The Sunday Times
The Telegraph,3,The Telegraph
The Times,3,The Times
The Wall Street Journal,3,The Wall Street Journal
The Washington Post,3,The Washington Post
The Wembley Observer,3,The Wembley Observer
The Who,3,The Who
The World Conservation Union,3,The World Conservation Union
Think,3,Think
Think-Media,3,Think-Media
Think Media Concepts,3,Think Media Concepts
Thomas Cook,3,Thomas Cook
Thomson Multimedia,3,Thomson Multimedia
TIC,3,TIC
Tie Holding,3,Tie Holding
TIE Holding,3,TIE Holding
Tigrean People's Liberation,3,Tigrean People's Liberation
Tigrean People's Liberation Front,3,Tigrean People's Liberation Front
Tijdschrift De Katholieke Illustratie,3,Tijdschrift De Katholieke Illustratie
Time,3,Time
Time Magazine,3,Time Magazine
Tinbergen Instituut,3,Tinbergen Instituut
Tiscali,3,Tiscali
Tito Puente,3,Tito Puente
TLC,3,TLC
TLN,3,TLN
TMP Worldwide,3,TMP Worldwide
TNO,3,TNO
TNO Bouw,3,TNO Bouw
TNT,3,TNT
TNT Postgroep,3,TNT Postgroep
TNT Post Groep,3,TNT Post Groep
Toblerone,3,Toblerone
Toerisme,3,Toerisme
Toerisme Oostkantons,3,Toerisme Oostkantons
Toerisme Vlaanderen,3,Toerisme Vlaanderen
TOGR,3,TOGR
Toneelhuis,3,Toneelhuis
TONEGIDO,3,TONEGIDO
TONEGIDO / H. Bluf,3,TONEGIDO / H. Bluf
Top Bree,3,Top Bree
Top Oss,3,Top Oss
TOP Oss,3,TOP Oss
TOP / Oss,3,TOP / Oss
Tories,3,Tories
Torpedo,3,Torpedo
TotalFina,3,TotalFina
TotalfinaElf,3,TotalfinaElf
TotalFinaElf,3,TotalFinaElf
Tottenham,3,Tottenham
Tottenham Hotspur,3,Tottenham Hotspur
Touré Kunda,3,Touré Kunda
Touring,3,Touring
Toyota,3,Toyota
TPG,3,TPG
TPLF,3,TPLF
Trabzonspor,3,Trabzonspor
Tractebel,3,Tractebel
Transport,3,Transport
Transport en Logistiek Nederland,3,Transport en Logistiek Nederland
Trappers,3,Trappers
Treffers,3,Treffers
Treffers / Kegro,3,Treffers / Kegro
Treffers / Lelystad,3,Treffers / Lelystad
Trendbox,3,Trendbox
T-Rex,3,T-Rex
T&R Heidelberg,3,T&R Heidelberg
Tribunaal,3,Tribunaal
Triestana,3,Triestana
Triestina,3,Triestina
Trish and Kash,3,Trish and Kash
Tros,3,Tros
Trouw,3,Trouw
Troyes,3,Troyes
TRT,3,TRT
Tsjechie,3,Tsjechie
Tsvi Vered,3,Tsvi Vered
T&T,3,T&T
TTV Varese,3,TTV Varese
TUI,3,TUI
Tulip Computers,3,Tulip Computers
Tupperware,3,Tupperware
Turkish Airlines,3,Turkish Airlines
Turkiyemspor,3,Turkiyemspor
Türkiyemspor,3,Türkiyemspor
Turks Islamitische Culturele Federatie,3,Turks Islamitische Culturele Federatie
TV1,3,TV1
TV 1,3,TV 1
TVM-ploeg,3,TVM-ploeg
TVN,3,TVN
TV Rijnmond,3,TV Rijnmond
Tweede Kamer,3,Tweede Kamer
Twence,3,Twence
Twence bv afvalverwerking,3,Twence bv afvalverwerking
Twenteborgziekenhuis,3,Twenteborgziekenhuis
Twentsche Kabel,3,Twentsche Kabel
Twins,3,Twins
Tyco,3,Tyco
U2,3,U2
UA,3,UA
UAL,3,UAL
UAM,3,UAM
Ubizen,3,Ubizen
UCB,3,UCB
UCI,3,UCI
UDA,3,UDA
UDI'19,3,UDI'19
UDI'19 / Beter Bed,3,UDI'19 / Beter Bed
Udinese,3,Udinese
Uefa,3,Uefa
UEFA,3,UEFA
UFK,3,UFK
UFSIA,3,UFSIA
UIA,3,UIA
Uitgeversbedrijf Tijd,3,Uitgeversbedrijf Tijd
Uitvoerend Comité,3,Uitvoerend Comité
Ulftone,3,Ulftone
Ultravox,3,Ultravox
UMCU,3,UMCU
Umicore,3,Umicore
UNA,3,UNA
Underworld,3,Underworld
UNFPA,3,UNFPA
UNHCR,3,UNHCR
Uniao Leiria,3,Uniao Leiria
Unicef,3,Unicef
Unie,3,Unie
Unie MHP,3,Unie MHP
Unie van de Filmkritiek,3,Unie van de Filmkritiek
Unie van Waterschappen,3,Unie van Waterschappen
Uni-Invest,3,Uni-Invest
Unilever,3,Unilever
Union Beaver,3,Union Beaver
Union Carbide,3,Union Carbide
Unit 4,3,Unit 4
Unit4Agresso,3,Unit4Agresso
Unit4 Agresso,3,Unit4 Agresso
Unita,3,Unita
United,3,United
United Airlines,3,United Airlines
United Architects,3,United Architects
United Bicycles,3,United Bicycles
United Service Group,3,United Service Group
United Services Group,3,United Services Group
Universiteit Leiden,3,Universiteit Leiden
Universiteit Twente,3,Universiteit Twente
Universiteit van Amsterdam,3,Universiteit van Amsterdam
Universiteit van Californie,3,Universiteit van Californie
Universiteit van Nijmegen,3,Universiteit van Nijmegen
Universiteit van Tilburg,3,Universiteit van Tilburg
Unizo,3,Unizo
Unmovic,3,Unmovic
Unprofor,3,Unprofor
UNPROFOR,3,UNPROFOR
UNRWA,3,UNRWA
UNSCOM,3,UNSCOM
UPC,3,UPC
Uproar,3,Uproar
Urban Trad,3,Urban Trad
US Airways,3,US Airways
USA Olympic Team,3,USA Olympic Team
USA Today,3,USA Today
USB Warburg,3,USB Warburg
US Postal,3,US Postal
UT,3,UT
Utregs Glorie,3,Utregs Glorie
U-Unet Diegem,3,U-Unet Diegem
UZSC,3,UZSC
V8,3,V8
VAB,3,VAB
VADA / Rentokil,3,VADA / Rentokil
Valencia,3,Valencia
Valentino,3,Valentino
Vallecano,3,Vallecano
Val-Saint-Lambert,3,Val-Saint-Lambert
Van der Hoop,3,Van der Hoop
Van der Hoop Effecten,3,Van der Hoop Effecten
Van der Moolen,3,Van der Moolen
VanDer Moolen,3,VanDer Moolen
Van der Sluijs,3,Van der Sluijs
Van der Valk,3,Van der Valk
Van Dik Hout,3,Van Dik Hout
Van Heek-Tweka,3,Van Heek-Tweka
Van Herwaarden,3,Van Herwaarden
Vanity Fair,3,Vanity Fair
Van Lanschot,3,Van Lanschot
Van Lanschot Bankiers,3,Van Lanschot Bankiers
Van Zijderveld,3,Van Zijderveld
Vara,3,Vara
VARA,3,VARA
Varzim,3,Varzim
Vasas,3,Vasas
Vasas Boedapest,3,Vasas Boedapest
Vasco de Gama,3,Vasco de Gama
Vastiau Leuven,3,Vastiau Leuven
Vastned Off/Ind,3,Vastned Off/Ind
Vastned Retail,3,Vastned Retail
Vaticaan,3,Vaticaan
VBO,3,VBO
VCB,3,VCB
vc Omniworld,3,vc Omniworld
VC Weert,3,VC Weert
V & D,3,V & D
VDAB,3,VDAB
VDN Salamanders,3,VDN Salamanders
Vedior,3,Vedior
Veiligheid,3,Veiligheid
Veiligheidsraad,3,Veiligheidsraad
Vendex,3,Vendex
VendexKBB,3,VendexKBB
Vendex KBB,3,Vendex KBB
VenI,3,VenI
Ventspils,3,Ventspils
Verbond van Belgische Ondernemingen,3,Verbond van Belgische Ondernemingen
Verbond van Kristelijke Werkgevers,3,Verbond van Kristelijke Werkgevers
Verbond van Verzekeraars,3,Verbond van Verzekeraars
Verenigde Naties,3,Verenigde Naties
Verenigde Staten van Europa,3,Verenigde Staten van Europa
Vereniging Milieu Offensief,3,Vereniging Milieu Offensief
Vereniging voor Vrijwillige Euthanasie,3,Vereniging voor Vrijwillige Euthanasie
Verkeer,3,Verkeer
Verkeer en Waterstaat,3,Verkeer en Waterstaat
Verkeers Informatie Dienst,3,Verkeers Informatie Dienst
Veronica,3,Veronica
Versatel,3,Versatel
Versatel Telecom,3,Versatel Telecom
Vestide,3,Vestide
VEV,3,VEV
VfB Stuttgart,3,VfB Stuttgart
VfL Bochum,3,VfL Bochum
VfL Wolfsburg,3,VfL Wolfsburg
VHM,3,VHM
VHS,3,VHS
VI,3,VI
V&I,3,V&I
Via Net.Works,3,Via Net.Works
Viborg,3,Viborg
Vicenza,3,Vicenza
Vicindo,3,Vicindo
Vicindo Group,3,Vicindo Group
VID,3,VID
Vilenzo International,3,Vilenzo International
Villarreal,3,Villarreal
Vini Caldirola,3,Vini Caldirola
Vinkenslag,3,Vinkenslag
Virgin,3,Virgin
Virgin Atlantic,3,Virgin Atlantic
Virgin Blue,3,Virgin Blue
Virgin Classics,3,Virgin Classics
Virgin Express,3,Virgin Express
VirusAlert,3,VirusAlert
Visserij,3,Visserij
Vitalicio,3,Vitalicio
Vitesse,3,Vitesse
Vito,3,Vito
Vitoria Guimaraes,3,Vitoria Guimaraes
Vitoria Setubal,3,Vitoria Setubal
Vitra,3,Vitra
Vivendi,3,Vivendi
Vivendi Universal,3,Vivendi Universal
Viventures II,3,Viventures II
VIZO,3,VIZO
V & L,3,V & L
V&L,3,V&L
Vlaams Blok,3,Vlaams Blok
Vlaams Bok-Aalst,3,Vlaams Bok-Aalst
Vlaamse Club,3,Vlaamse Club
Vlaamse Club voor Kunst,3,Vlaamse Club voor Kunst
Vlaamse Confederatie van de Bouw,3,Vlaamse Confederatie van de Bouw
Vlaams Economisch Verbond,3,Vlaams Economisch Verbond
Vlaamse Gemeenschap,3,Vlaamse Gemeenschap
Vlaamse Huisvestingsmaatschappij,3,Vlaamse Huisvestingsmaatschappij
Vlaamse Kamers van Handel en Nijverheid,3,Vlaamse Kamers van Handel en Nijverheid
Vlaamse Volksbeweging,3,Vlaamse Volksbeweging
Vlaams Huisartsensyndicaat,3,Vlaams Huisartsensyndicaat
Vlaams Katholiek Secundair Onderwijs,3,Vlaams Katholiek Secundair Onderwijs
Vlaams Komitee Brussel,3,Vlaams Komitee Brussel
Vlaams Minderhedencentrum,3,Vlaams Minderhedencentrum
Vlaams netwerk tegen financiële speculatie,3,Vlaams netwerk tegen financiële speculatie
Vlaams Parlement,3,Vlaams Parlement
Vlaams Radio Koor,3,Vlaams Radio Koor
Vlaams Radio Orkest,3,Vlaams Radio Orkest
Vlan,3,Vlan
VLD,3,VLD
VLD Kapellen,3,VLD Kapellen
VLM,3,VLM
VLM Airlines,3,VLM Airlines
Vluchtelingenorganisaties Nederland,3,Vluchtelingenorganisaties Nederland
VluchtelingenWerk,3,VluchtelingenWerk
Vluchtelingenwerk Nederland,3,Vluchtelingenwerk Nederland
VluchtelingenWerk Nederland,3,VluchtelingenWerk Nederland
VMC,3,VMC
VMH,3,VMH
VMO,3,VMO
VMV,3,VMV
VN,3,VN
VNG,3,VNG
VNO NCW,3,VNO NCW
VNO / NCW,3,VNO / NCW
VNO-NCW,3,VNO-NCW
VN-oorlogstribunaal,3,VN-oorlogstribunaal
VN-tribunaal,3,VN-tribunaal
VN-Tribunaal,3,VN-Tribunaal
VNU,3,VNU
VN-Veiligheidsraad,3,VN-Veiligheidsraad
VOC,3,VOC
Vodafone,3,Vodafone
Voedselagentschap,3,Voedselagentschap
Vogelbescherming,3,Vogelbescherming
Vogelbescherming Vlaanderen,3,Vogelbescherming Vlaanderen
VOKA,3,VOKA
Volewijckers,3,Volewijckers
Volker Wessels Stevin,3,Volker Wessels Stevin
Volksgezondheid,3,Volksgezondheid
Volksgezondheid,3,Volksgezondheid
Volkshuisvesting,3,Volkshuisvesting
Volkshuisvesting,3,Volkshuisvesting
Volkskrant,3,Volkskrant
Volkswagen,3,Volkswagen
Volkswagen Brussel,3,Volkswagen Brussel
Volvo,3,Volvo
VON,3,VON
Voorburg CC,3,Voorburg CC
Voorlichting Tweede Kamer,3,Voorlichting Tweede Kamer
Voort / Quintus,3,Voort / Quintus
Vooruitgangspartij,3,Vooruitgangspartij
Vopak,3,Vopak
VPRO,3,VPRO
VRA,3,VRA
V-raad,3,V-raad
V-Raad,3,V-Raad
Vranken Monopole,3,Vranken Monopole
Vredeseilanden,3,Vredeseilanden
Vredestein,3,Vredestein
Vreemdelingenbeleid en Integratie,3,Vreemdelingenbeleid en Integratie
Vreemdelingen- en Integratiebeleid,3,Vreemdelingen- en Integratiebeleid
Vreemdelingenzaken,3,Vreemdelingenzaken
Vreemdelingenzaken en Integratie,3,Vreemdelingenzaken en Integratie
Vrevok,3,Vrevok
Vrienden van het Hof,3,Vrienden van het Hof
Vrij Atjeh,3,Vrij Atjeh
Vrije Fuchsiavrienden,3,Vrije Fuchsiavrienden
Vrije Universiteit,3,Vrije Universiteit
Vrije Universiteit Brussel,3,Vrije Universiteit Brussel
Vrij Nederland,3,Vrij Nederland
VRO,3,VRO
VROM,3,VROM
Vrouwen Overlegcomité,3,Vrouwen Overlegcomité
VRT,3,VRT
VSB,3,VSB
VT4,3,VT4
VT5,3,VT5
VTM,3,VTM
VTM Big Band,3,VTM Big Band
VU,3,VU
VUB,3,VUB
VU & ID,3,VU & ID
VU & ID-fractie,3,VU & ID-fractie
VVBW,3,VVBW
VVC,3,VVC
VVD,3,VVD
VVKSO,3,VVKSO
VVMC,3,VVMC
VVOG,3,VVOG
VVV,3,VVV
VW,3,VW
V & W,3,V & W
V&W,3,V&W
VWS,3,VWS
VW Vorst,3,VW Vorst
V.Z.V.,3,V.Z.V.
Waals Parlement,3,Waals Parlement
Waardig Ouder Worden,3,Waardig Ouder Worden
WADA,3,WADA
Wagon-Lits,3,Wagon-Lits
Wagon-Lits België,3,Wagon-Lits België
Wall Street Journal,3,Wall Street Journal
Wal-Mart,3,Wal-Mart
Wanadoo,3,Wanadoo
Wanadoo Belgium,3,Wanadoo Belgium
Warner,3,Warner
Warner Bros.,3,Warner Bros.
Washington Post,3,Washington Post
Washington Wizards,3,Washington Wizards
Waspo Hannover,3,Waspo Hannover
Waterleau,3,Waterleau
Wealer / V & L,3,Wealer / V & L
Wealer / V&L,3,Wealer / V&L
Weekend Knack,3,Weekend Knack
Weekmedia,3,Weekmedia
Weert,3,Weert
Wegener,3,Wegener
Wegenwacht,3,Wegenwacht
Weismuller,3,Weismuller
Welvaartspartij,3,Welvaartspartij
Werder Bremen,3,Werder Bremen
Wereldbank,3,Wereldbank
Wereldhandelsorganisatie,3,Wereldhandelsorganisatie
Wereldhave,3,Wereldhave
Wereldomroep,3,Wereldomroep
Wessanen,3,Wessanen
West Bromwich Albion,3,West Bromwich Albion
Westerlo,3,Westerlo
West Ham,3,West Ham
West Ham United,3,West Ham United
Westlandia,3,Westlandia
Wetenschappelijke Raad voor het Regeringsbeleid,3,Wetenschappelijke Raad voor het Regeringsbeleid
Wetenschappelijk Platform Zeehonden Waddenzee,3,Wetenschappelijk Platform Zeehonden Waddenzee
Wetenschappen,3,Wetenschappen
WFP,3,WFP
WHC,3,WHC
WHO,3,WHO
Wienerberger,3,Wienerberger
Wiener Stddtische Insurance Group,3,Wiener Stddtische Insurance Group
Wijnegem Shopping,3,Wijnegem Shopping
Wilde Kokkels,3,Wilde Kokkels
Willem II,3,Willem II
William Morrison Supermarkets,3,William Morrison Supermarkets
Wisla Krakow,3,Wisla Krakow
WO,3,WO
Wolfsburg,3,Wolfsburg
Wolters Kluwer,3,Wolters Kluwer
Wolters Noordhoff,3,Wolters Noordhoff
Women's Quarterly,3,Women's Quarterly
Women's Wear Daily,3,Women's Wear Daily
Woonzorg Nederland,3,Woonzorg Nederland
WorldCom,3,WorldCom
World Conservation Union,3,World Conservation Union
World Food Program,3,World Food Program
World Islamic League,3,World Islamic League
World Soccer,3,World Soccer
World Trade Organisation,3,World Trade Organisation
WOW,3,WOW
Wrakingskamer,3,Wrakingskamer
WRR,3,WRR
WTA,3,WTA
WTO,3,WTO
WWF,3,WWF
Xanthi FC,3,Xanthi FC
Xerez,3,Xerez
Xerox,3,Xerox
XminY,3,XminY
XXIième Siècle,3,XXIième Siècle
Yakki Famirie,3,Yakki Famirie
Yankees,3,Yankees
Yediot Ahronoth,3,Yediot Ahronoth
Yokohama Marinos,3,Yokohama Marinos
Yorin,3,Yorin
Zalaegerszeg,3,Zalaegerszeg
Zalambessa,3,Zalambessa
Zamet Crotek Rijeka,3,Zamet Crotek Rijeka
Zap Mama,3,Zap Mama
ZDF,3,ZDF
Zeeman,3,Zeeman
Zeeuws-Vlaanderen,3,Zeeuws-Vlaanderen
Zeevaartschool,3,Zeevaartschool
Zeljeznicar,3,Zeljeznicar
Zending Gereformeerde Gemeenten,3,Zending Gereformeerde Gemeenten
Zenit Sint P.,3,Zenit Sint P.
Ziegler,3,Ziegler
Zizkov,3,Zizkov
ZMP,3,ZMP
ZN,3,ZN
Zoomers / Dynamo,3,Zoomers / Dynamo
Zorgverzekeraars Nederland,3,Zorgverzekeraars Nederland
ZORRA,3,ZORRA
Zusters,3,Zusters
Zwart Wit'28,3,Zwart Wit'28
Zwitsal,3,Zwitsal
ZWV-Nereus,3,ZWV-Nereus
ZZ Top,3,ZZ Top